condition,question,participant_1,participant_2,participant_3,participant_4,participant_5,participant_6,participant_7,participant_8,participant_9,participant_10,participant_11,participant_12,participant_13,participant_14,participant_15,participant_16,participant_17,participant_18,participant_19,participant_20,participant_21,participant_22,participant_23,participant_24,participant_25,participant_26,participant_27,participant_28,participant_29,participant_30,participant_31,participant_32,participant_33,participant_34,participant_35,participant_36,participant_37,participant_38,participant_39,participant_40,participant_41,participant_42,participant_43,participant_44,participant_45,participant_46,participant_47,participant_48,participant_49,participant_50,participant_51,participant_52,participant_53,participant_54,participant_55,participant_56,participant_57,participant_58,participant_59,participant_60,participant_61,participant_62,participant_63,participant_64,participant_65,participant_66,participant_67,participant_68,participant_69,participant_70,participant_71,participant_72,participant_73,participant_74,participant_75,participant_76,participant_77,participant_78,participant_79,participant_80,participant_81,participant_82,participant_83,participant_84,participant_85,participant_86,participant_87,participant_88,participant_89,participant_90,participant_91,participant_92,participant_93,participant_94,participant_95,participant_96,participant_97,participant_98,participant_99,participant_100,participant_101,participant_102,participant_103,participant_104,participant_105,participant_106,participant_107,participant_108,participant_109,participant_110,participant_111,participant_112,participant_113,participant_114,participant_115,participant_116,participant_117,participant_118,participant_119,participant_120,participant_121,participant_122,participant_123,participant_124,participant_125,participant_126,participant_127,participant_128,participant_129,participant_130,participant_131,participant_132,participant_133,participant_134,participant_135,participant_136,participant_137,participant_138,participant_139,participant_140,participant_141,participant_142,participant_143,participant_144,participant_145,participant_146,participant_147,participant_148,participant_149,participant_150,participant_151,participant_152,participant_153,participant_154,participant_155,participant_156,participant_157,participant_158,participant_159,participant_160,participant_161,participant_162,participant_163,participant_164,participant_165,participant_166,participant_167,participant_168,participant_169,participant_170,participant_171,participant_172,participant_173
F,In der Mensa essen viele Studentinnen und Studenten zu Mittag.,,,,,,,,,,5,,,,,,,,,5,,,,,,,,,,,,,,,,,,,,,,,,,,4,,,,,,,,,,,,,,,,,,,,,,,,,,6,,,,,5,,,,6,,,,,,,,,,,7,,,,,,,,,4,,3,,,,,,,,,7,,,,,,,7,7,,,,,,,,,,,,,,,,,,,,,,4,,,7,,,,,,7,,,,,,,,,,,,,7,,,,,,,,,,
F,Was hat der Reporter welchem Redakteur verkauft?,,,,,,,,,,6,,,,,,,,,5,,,,,,,,,,,,,,,,,,,,,,,,,,4,,,,,,,,,,,,,,,,,,,,,,,,,,4,,,,,5,,,,3,,,,,,,,,,,1,,,,,,,,,6,,5,,,,,,,,,3,,,,,,,5,7,,,,,,,,,,,,,,,,,,,,,,1,,,7,,,,,,2,,,,,,,,,,,,,7,,,,,,,,,,
F,Wir haben dem empfindlichen und unsympathischen Vermieter sich selbst als Mieter empfohlen.,,,,,,,,,,6,,,,,,,,,6,,,,,,,,,,,,,,,,,,,,,,,,,,7,,,,,,,,,,,,,,,,,,,,,,,,,,6,,,,,7,,,,7,,,,,,,,,,,1,,,,,,,,,4,,4,,,,,,,,,3,,,,,,,6,7,,,,,,,,,,,,,,,,,,,,,,1,,,6,,,,,,2,,,,,,,,,,,,,6,,,,,,,,,,
F,Der Komponist hat dem neuen italienischen Tenor es zugemutet.,,,,,,,,,,1,,,,,,,,,1,,,,,,,,,,,,,,,,,,,,,,,,,,6,,,,,,,,,,,,,,,,,,,,,,,,,,2,,,,,2,,,,2,,,,,,,,,,,2,,,,,,,,,1,,3,,,,,,,,,1,,,,,,,1,3,,,,,,,,,,,,,,,,,,,,,,7,,,2,,,,,,2,,,,,,,,,,,,,2,,,,,,,,,,
F,"Der Waffenhändler glaubt er, dass den Politiker bestochen hat.",,,,,,,,,,1,,,,,,,,,1,,,,,,,,,,,,,,,,,,,,,,,,,,3,,,,,,,,,,,,,,,,,,,,,,,,,,1,,,,,1,,,,1,,,,,,,,,,,1,,,,,,,,,1,,1,,,,,,,,,1,,,,,,,1,1,,,,,,,,,,,,,,,,,,,,,,4,,,1,,,,,,2,,,,,,,,,,,,,1,,,,,,,,,,
F,Die Tinte wurde für vergossen.,,,,,,,,,,1,,,,,,,,,1,,,,,,,,,,,,,,,,,,,,,,,,,,4,,,,,,,,,,,,,,,,,,,,,,,,,,1,,,,,1,,,,1,,,,,,,,,,,2,,,,,,,,,1,,5,,,,,,,,,1,,,,,,,1,1,,,,,,,,,,,,,,,,,,,,,,,,,4,,,,,,1,,,,,,,,,,,,,1,,,,,,,,,,
F,Der Kaiser hat dem Fürsten den berühmten und begabten Maler empfohlen.,,,,2,,6,,,,,7,,7,,,,,,,,6,7,,,,,,,,4,,,,,,,,,,,,,,,,,,,,,,,,,,,6,,,,,3,,,,,,,,6,,,,,,,,,,,,,,7,7,7,,7,,,,,,,,,,,,,,,,,4,,,,,6,,,,,,,,,,,,,,,,,,,,,,6,6,,,,,,,,,,4,,5,,,,,,,,,,7,,,,,,,,,,,,3,7,,,,,
F,"Im Einkaufszentrum meint sie, hat der Ladenbesitzer den eleganten und gut geführten Laden geschlossen.",,,,4,,6,,,,,7,,3,,,,,,,,6,7,,,,,,,,2,,,,,,,,,,,,,,,,,,,,,,,,,,,6,,,,,3,,,,,,,,6,,,,,,,,,,,,,,5,1,3,,3,,,,,,,,,,,,,,,,,6,,,,,3,,,,,,,,,,,,,,,,,,,,,,1,4,,,,,,,,,,5,,5,,,,,,,,,,6,,,,,,,,,,,,7,2,,,,,
F,Die Bergführer haben einander ihn als kompetenten und zuverlässigen Begleiter empfohlen.,,,,2,,4,,,,,5,,2,,,,,,,,4,5,,,,,,,,3,,,,,,,,,,,,,,,,,,,,,,,,,,,3,,,,,2,,,,,,,,5,,,,,,,,,,,,,,3,2,3,,3,,,,,,,,,,,,,,,,,3,,,,,3,,,,,,,,,,,,,,,,,,,,,,1,4,,,,,,,,,,5,,6,,,,,,,,,,6,,,,,,,,,,,,7,3,,,,,
F,Beim Stammtisch die drei Freunde spielen mit Vorliebe Skat und Würfeln.,,,,4,,1,,,,,4,,1,,,,,,,,1,1,,,,,,,,1,,,,,,,,,,,,,,,,,,,,,,,,,,,2,,,,,1,,,,,,,,1,,,,,,,,,,,,,,3,2,1,,1,,,,,,,,,,,,,,,,,7,,,,,1,,,,,,,,,,,,,,,,,,,,,,2,2,,,,,,,,,,1,,5,,,,,,,,,,2,,,,,,,,,,,,1,2,,,,,
F,Die Suppe wurde gegen versalzen.,,,,1,,1,,,,,1,,1,,,,,,,,1,1,,,,,,,,3,,,,,,,,,,,,,,,,,,,,,,,,,,,2,,,,,1,,,,,,,,1,,,,,,,,,,,,,,2,1,1,,1,,,,,,,,,,,,,,,,,2,,,,,1,,,,,,,,,,,,,,,,,,,,,,1,1,,,,,,,,,,1,,5,,,,,,,,,,1,,,,,,,,,,,,1,1,,,,,
F,Der Patient hat den geldgierigen und unprofessionellen Zahnarzt überlistet.,,,,6,,6,,,,,7,,6,,,,,,,,7,7,,,,,,,,7,,,,,,,,,,,,,,,,,,,,,,,,,,,6,,,,,7,,,,,,,,6,,,,,,,,,,,,,,6,7,7,,7,,,,,,,,,,,,,,,,,7,,,,,6,,,,,,,,,,,,,,,,,,,,,,2,5,,,,,,,,,,5,,2,,,,,,,,,,7,,,,,,,,,,,,7,7,,,,,
F,Du hast dem Postboten sich selbst in der traurigen und verlassenen Gegend empfohlen.,,,,,,,,,,,,,,2,,,,,,1,,,,,,,,,,,,,,,,,1,,,,1,,,,,,,,,,,,,,,,,,,,,,,,,,,,,,,,,,,,,,,,,,,,,,,,,1,,,,,1,,,,,,,,,,,,,,1,,,,,,,,,,,,,,,,,1,,,,,,,,,,1,,,,,,2,,,,,,2,,,,,,,,,,,,,,,,,,,,,,,,,
F,"Wir lesen am liebsten die Süddeutsche, obwohl wir leben jetzt in Düsseldorf.",,,,,,,,,,,,,,4,,,,,,1,,,,,,,,,,,,,,,,,1,,,,5,,,,,,,,,,,,,,,,,,,,,,,,,,,,,,,,,,,,,,,,,,,,,,,,,3,,,,,2,,,,,,,,,,,,,,2,,,,,,,,,,,,,,,,,1,,,,,,,,,,1,,,,,,2,,,,,,1,,,,,,,,,,,,,,,,,,,,,,,,,
F,Da gerechnet mit hat der Franz natürlich nicht.,,,,,,,,,,,,,,1,,,,,,1,,,,,,,,,,,,,,,,,1,,,,1,,,,,,,,,,,,,,,,,,,,,,,,,,,,,,,,,,,,,,,,,,,,,,,,,2,,,,,1,,,,,,,,,,,,,,1,,,,,,,,,,,,,,,,,1,,,,,,,,,,1,,,,,,6,,,,,,1,,,,,,,,,,,,,,,,,,,,,,,,,
F,Die Luft wurde hinter geatmet.,,,,,,,,,,,,,,1,,,,,,1,,,,,,,,,,,,,,,,,1,,,,1,,,,,,,,,,,,,,,,,,,,,,,,,,,,,,,,,,,,,,,,,,,,,,,,,3,,,,,4,,,,,,,,,,,,,,1,,,,,,,,,,,,,,,,,1,,,,,,,,,,1,,,,,,3,,,,,,1,,,,,,,,,,,,,,,,,,,,,,,,,
F,Der Stürmer hat den Torwart vorsätzlich und unsportlich gefoult.,,,,,,,,,,,,,,6,,,,,,7,,,,,,,,,,,,,,,,,6,,,,7,,,,,,,,,,,,,,,,,,,,,,,,,,,,,,,,,,,,,,,,,,,,,,,,,7,,,,,6,,,,,,,,,,,,,,7,,,,,,,,,,,,,,,,,6,,,,,,,,,,6,,,,,,2,,,,,,3,,,,,,,,,,,,,,,,,,,,,,,,,
F,"Sie hofft, das Finanzamt hat den frechen und kriminellen Betrüger überlistet.",,,,,,,,,,,,,,4,,,,,,6,,,,,,,,,,,,,,,,,6,,,,6,,,,,,,,,,,,,,,,,,,,,,,,,,,,,,,,,,,,,,,,,,,,,,,,,7,,,,,6,,,,,,,,,,,,,,,,,,,,,,,,,,,,,,,6,,,,,,,,,,6,,,,,,6,,,,,,3,,,,,,,,,,,,,,,,,,,,,,,,,
F,Die Mutter hat dem Sohn es verboten.,,,,,,,,1,,,,,,,,,,,,,,,,,,,,,,,,,,,,,,,,,,,7,,,,,,,,,,,,,,,,,,,,5,,,,,,,,,,3,,,,7,,,,1,,,,,,,,,,,,,,,,,,,,,,,,,,,,,,,,,,,,,,,,,,,,,,,,,,2,,,,,,,,,,,,,,,,,,,,,,,,,,,,,,,,,,,,,,,,2,6,6
F,"Der Chemiker meint er, dass den Pharmakonzern belogen hat.",,,,,,,,1,,,,,,,,,,,,,,,,,,,,,,,,,,,,,,,,,,,5,,,,,,,,,,,,,,,,,,,,3,,,,,,,,,,4,,,,5,,,,1,,,,,,,,,,,,,,,,,,,,,,,,,,,,,,,,,,,,,,,,,,,,,,,,,,6,,,,,,,,,,,,,,,,,,,,,,,,,,,,,,,,,,,,,,,,2,2,1
F,Die Sitzung wurde aus vertagt.,,,,,,,,1,,,,,,,,,,,,,,,,,,,,,,,,,,,,,,,,,,,5,,,,,,,,,,,,,,,,,,,,2,,,,,,,,,,3,,,,7,,,,1,,,,,,,,,,,,,,,,,,,,,,,,,,,,,,,,,,,,,,,,,,,,,,,,,,2,,,,,,,,,,,,,,,,,,,,,,,,,,,,,,,,,,,,,,,,2,1,1
F,Auf dem Markt verkaufen viele Bauern Obst und Gemüse.,,,,,,,,7,,,,,,,,,,,,,,,,,,,,,,,,,,,,,,,,,,,7,,,,,,,,,,,,,,,,,,,,6,,,,,,,,,,6,,,,6,,,,7,,,,,,,,,,,,,,,,,,,,,,,,,,,,,,,,,,,,,,,,,,,,,,,,,,7,,,,,,,,,,,,,,,,,,,,,,,,,,,,,,,,,,,,,,,,2,7,7
F,Was hat der Verkäufer welchem Kunden geraten?,,,,,,,,5,,,,,,,,,,,,,,,,,,,,,,,,,,,,,,,,,,,7,,,,,,,,,,,,,,,,,,,,4,,,,,,,,,,5,,,,6,,,,5,,,,,,,,,,,,,,,,,,,,,,,,,,,,,,,,,,,,,,,,,,,,,,,,,,6,,,,,,,,,,,,,,,,,,,,,,,,,,,,,,,,,,,,,,,,5,7,7
F,"In der Elbe glaubt sie, hat der Fischer das kleine und flinke Boot versenkt.",,,,,,,,3,,,,,,,,,,,,,,,,,,,,,,,,,,,,,,,,,,,7,,,,,,,,,,,,,,,,,,,,3,,,,,,,,,,3,,,,7,,,,6,,,,,,,,,,,,,,,,,,,,,,,,,,,,,,,,,,,,,,,,,,,,,,,,,,2,,,,,,,,,,,,,,,,,,,,,,,,,,,,,,,,,,,,,,,,2,7,6
F,Bei der Schülerversammlung die Klassen wählen nacheinander und ordnungsgemäß die Schulsprecher.,,,,,,,,,,,,,,,,3,1,,,,,,,,,,1,,,,,,3,,,,,,,,,,,,,,,,,,,1,,,,6,,,,,6,,,1,,1,,,7,,,,,,,,,1,,,,,,,,,,,,,,,,,,3,,,,,,,1,1,,,1,,,,,,,,,,,,,,,,,,,,,,,,,,,,,,,,,,,,,,,1,,,,,7,,,,,,,,1,,,,,,2,2,,,,,,,
F,Der alte und geschützte Wald wurde vor gerodet.,,,,,,,,,,,,,,,,2,2,,,,,,,,,,3,,,,,,4,,,,,,,,,,,,,,,,,,,1,,,,6,,,,,1,,,2,,1,,,6,,,,,,,,,1,,,,,,,,,,,,,,,,,,4,,,,,,,1,3,,,1,,,,,,,,,,,,,,,,,,,,,,,,,,,,,,,,,,,,,,,2,,,,,1,,,,,,,,1,,,,,,2,1,,,,,,,
F,Die Mutter hat ihren kleinen Sohn zum Kindergarten gebracht.,,,,,,,,,,,,,,,,6,7,,,,,,,,,,7,,,,,,7,,,,,,,,,,,,,,,,,,,7,,,,7,,,,,7,,,6,,7,,,7,,,,,,,,,7,,,,,,,,,,,,,,,,,,4,,,,,,,4,7,,,7,,,,,,,,,,,,,,,,,,,,,,,,,,,,,,,,,,,,,,,5,,,,,6,,,,,,,,7,,,,,,7,7,,,,,,,
F,Die Nachbarin hat der Frau den neuen und großen Blumenladen empfohlen.,,,,,,,,,,,,,,,,5,7,,,,,,,,,,7,,,,,,5,,,,,,,,,,,,,,,,,,,7,,,,7,,,,,7,,,4,,7,,,7,,,,,,,,,6,,,,,,,,,,,,,,,,,,4,,,,,,,3,7,,,7,,,,,,,,,,,,,,,,,,,,,,,,,,,,,,,,,,,,,,,7,,,,,6,,,,,,,,6,,,,,,7,7,,,,,,,
F,Ich habe dem Kunden sich selbst im Spiegel präsentiert.,,,,,,,,,,,,,,,,4,7,,,,,,,,,,6,,,,,,5,,,,,,,,,,,,,,,,,,,3,,,,7,,,,,2,,,1,,1,,,3,,,,,,,,,3,,,,,,,,,,,,,,,,,,4,,,,,,,3,7,,,3,,,,,,,,,,,,,,,,,,,,,,,,,,,,,,,,,,,,,,,3,,,,,1,,,,,,,,6,,,,,,6,5,,,,,,,
F,Die Marathonläufer haben einander ihn als fähigen Trainer vorgeschlagen.,,,,,,,,,,,,,,,,3,1,,,,,,,,,,5,,,,,,4,,,,,,,,,,,,,,,,,,,2,,,,7,,,,,5,,,3,,1,,,3,,,,,,,,,1,,,,,,,,,,,,,,,,,,2,,,,,,,1,3,,,1,,,,,,,,,,,,,,,,,,,,,,,,,,,,,,,,,,,,,,,2,,,,,6,,,,,,,,5,,,,,,6,6,,,,,,,
F,Das Haus wurde unter gestrichen.,,1,,,,,,,,,,,,,,,,,,,,,,,,,,,,,,,,,,,,,,,,,,,,,,,,2,,,,5,,,,,,4,,,,,,,,,,,,,,1,,,,,,,,,,,,,,,,,,,,,,,,,,,1,,,,,,,,,,,,,,,1,,,,,,,1,,,,,,,,,,,,,,,1,,,,,,,,,6,,,,,,,,,,,,,,,,,,,,,,,,,,
F,Die Familie hat eine teure Reise voreilig gebucht.,,6,,,,,,,,,,,,,,,,,,,,,,,,,,,,,,,,,,,,,,,,,,,,,,,,3,,,,5,,,,,,6,,,,,,,,,,,,,,7,,,,,,,,,,,,,,,,,,,,,,,,,,,2,,,,,,,,,,,,,,,6,,,,,,,7,,,,,,,,,,,,,,,6,,,,,,,,,3,,,,,,,,,,,,,,,,,,,,,,,,,,
F,"Er glaubt, die Mannschaft hat den Schiedsrichter bestochen.",,7,,,,,,,,,,,,,,,,,,,,,,,,,,,,,,,,,,,,,,,,,,,,,,,,5,,,,5,,,,,,7,,,,,,,,,,,,,,6,,,,,,,,,,,,,,,,,,,,,,,,,,,2,,,,,,,,,,,,,,,7,,,,,,,7,,,,,,,,,,,,,,,7,,,,,,,,,5,,,,,,,,,,,,,,,,,,,,,,,,,,
F,"Auf der Fähre glaubt er, hat der Urlauber den Kontrolleur belogen.",,7,,,,,,,,,,,,,,,,,,,,,,,,,,,,,,,,,,,,,,,,,,,,,,,,3,,,,2,,,,,,5,,,,,,,,,,,,,,6,,,,,,,,,,,,,,,,,,,,,,,,,,,1,,,,,,,,,,,,,,,7,,,,,,,5,,,,,,,,,,,,,,,1,,,,,,,,,2,,,,,,,,,,,,,,,,,,,,,,,,,,
F,"Die Familie isst gerne griechisch und türkisch, obwohl sie lebt jetzt in Italien.",,3,,,,,,,,,,,,,,,,,,,,,,,,,,,,,,,,,,,,,,,,,,,,,,,,3,,,,2,,,,,,4,,,,,,,,,,,,,,2,,,,,,,,,,,,,,,,,,,,,,,,,,,1,,,,,,,,,,,,,,,7,,,,,,,1,,,,,,,,,,,,,,,1,,,,,,,,,6,,,,,,,,,,,,,,,,,,,,,,,,,,
F,Da gestimmt für hat der Wähler aber nicht.,,2,,,,,,,,,,,,,,,,,,,,,,,,,,,,,,,,,,,,,,,,,,,,,,,,1,,,,2,,,,,,1,,,,,,,,,,,,,,1,,,,,,,,,,,,,,,,,,,,,,,,,,,1,,,,,,,,,,,,,,,1,,,,,,,1,,,,,,,,,,,,,,,1,,,,,,,,,5,,,,,,,,,,,,,,,,,,,,,,,,,,
F,Auf allen Konzerten spielt die Band fehlerfrei.,,,7,,,,5,,,,,,,,6,,,,,,,,,,,,,,,,,,,7,,,,,,,,2,,,,,,,5,,,,,,,,,,,,,,,,5,,,,,,,,,,,,,,,,,,,,,,6,,,,,,,,,,,,,,,,,,,3,,,,,,,,,,,,,,,,,,,,,,6,,,,,,,,,,,,,,,,,,,,,5,,,,,,,,7,,,,,,,,,,,,,,,,
F,Wo hat die Feuerwehr welches Haus gelöscht?,,,7,,,,6,,,,,,,,7,,,,,,,,,,,,,,,,,,,3,,,,,,,,1,,,,,,,6,,,,,,,,,,,,,,,,5,,,,,,,,,,,,,,,,,,,,,,7,,,,,,,,,,,,,,,,,,,4,,,,,,,,,,,,,,,,,,,,,,7,,,,,,,,,,,,,,,,,,,,,4,,,,,,,,7,,,,,,,,,,,,,,,,
F,Du hast der Frau sich selbst als Beraterin vorgeschlagen.,,,3,,,,4,,,,,,,,1,,,,,,,,,,,,,,,,,,,7,,,,,,,,5,,,,,,,6,,,,,,,,,,,,,,,,3,,,,,,,,,,,,,,,,,,,,,,5,,,,,,,,,,,,,,,,,,,1,,,,,,,,,,,,,,,,,,,,,,1,,,,,,,,,,,,,,,,,,,,,6,,,,,,,,1,,,,,,,,,,,,,,,,
F,Der Lehrer hat den Schülern es nachgetragen.,,,3,,,,5,,,,,,,,6,,,,,,,,,,,,,,,,,,,1,,,,,,,,2,,,,,,,1,,,,,,,,,,,,,,,,3,,,,,,,,,,,,,,,,,,,,,,1,,,,,,,,,,,,,,,,,,,1,,,,,,,,,,,,,,,,,,,,,,2,,,,,,,,,,,,,,,,,,,,,1,,,,,,,,3,,,,,,,,,,,,,,,,
F,"Die Firma sagt er, dass die Bestellung vergessen oder verloren hat.",,,2,,,,1,,,,,,,,1,,,,,,,,,,,,,,,,,,,1,,,,,,,,3,,,,,,,1,,,,,,,,,,,,,,,,1,,,,,,,,,,,,,,,,,,,,,,1,,,,,,,,,,,,,,,,,,,1,,,,,,,,,,,,,,,,,,,,,,1,,,,,,,,,,,,,,,,,,,,,1,,,,,,,,7,,,,,,,,,,,,,,,,
F,Die Gruppe wurde hinter beschuldigt.,,,1,,,,2,,,,,,,,7,,,,,,,,,,,,,,,,,,,1,,,,,,,,1,,,,,,,1,,,,,,,,,,,,,,,,1,,,,,,,,,,,,,,,,,,,,,,1,,,,,,,,,,,,,,,,,,,1,,,,,,,,,,,,,,,,,,,,,,1,,,,,,,,,,,,,,,,,,,,,5,,,,,,,,1,,,,,,,,,,,,,,,,
F,Der Teppichhändler hat dem Prinzen den großen und schönen Teppich verkauft.,,,,,,,,,,,,,,,,,,,,,,,,7,,,,,6,,,,,,,,,3,7,,,,,,,,,,,,,,,,,,,,,,,,,,,,,,,,,5,,,7,,,,,,,6,,,,,,,,,,,,,,,,,7,,,,,,,,,,,,,,3,,,,,,,,,,,,,,,,7,,,,,,,,,,,6,,,,,,,,,,,,,,,,,,,,,,,,,,,,,,,,,
F,"Auf dem Heimweg denkt sie, hat das Kind den Schlüssel verloren.",,,,,,,,,,,,,,,,,,,,,,,,2,,,,,3,,,,,,,,,2,6,,,,,,,,,,,,,,,,,,,,,,,,,,,,,,,,,4,,,1,,,,,,,2,,,,,,,,,,,,,,,,,1,,,,,,,,,,,,,,3,,,,,,,,,,,,,,,,3,,,,,,,,,,,6,,,,,,,,,,,,,,,,,,,,,,,,,,,,,,,,,
F,Die Fotografen haben einander es als schönstes und bestes Foto bestätigt.,,,,,,,,,,,,,,,,,,,,,,,,1,,,,,2,,,,,,,,,3,1,,,,,,,,,,,,,,,,,,,,,,,,,,,,,,,,,1,,,7,,,,,,,2,,,,,,,,,,,,,,,,,1,,,,,,,,,,,,,,5,,,,,,,,,,,,,,,,1,,,,,,,,,,,6,,,,,,,,,,,,,,,,,,,,,,,,,,,,,,,,,
F,Bei dem Regen die Familie macht bestimmt kein Picknick.,,,,,,,,,,,,,,,,,,,,,,,,1,,,,,1,,,,,,,,,2,1,,,,,,,,,,,,,,,,,,,,,,,,,,,,,,,,,1,,,1,,,,,,,1,,,,,,,,,,,,,,,,,1,,,,,,,,,,,,,,3,,,,,,,,,,,,,,,,2,,,,,,,,,,,7,,,,,,,,,,,,,,,,,,,,,,,,,,,,,,,,,
F,Die Blume wurde gegen gegossen.,,,,,,,,,,,,,,,,,,,,,,,,1,,,,,1,,,,,,,,,1,1,,,,,,,,,,,,,,,,,,,,,,,,,,,,,,,,,1,,,4,,,,,,,1,,,,,,,,,,,,,,,,,1,,,,,,,,,,,,,,2,,,,,,,,,,,,,,,,1,,,,,,,,,,,1,,,,,,,,,,,,,,,,,,,,,,,,,,,,,,,,,
F,Der Mann schenkt seiner Verlobten eine rote Rose.,,,,,,,,,,,,,,,,,,,,,,,,7,,,,,6,,,,,,,,,7,7,,,,,,,,,,,,,,,,,,,,,,,,,,,,,,,,,6,,,7,,,,,,,7,,,,,,,,,,,,,,,,,7,,,,,,,,,,,,,,4,,,,,,,,,,,,,,,,7,,,,,,,,,,,7,,,,,,,,,,,,,,,,,,,,,,,,,,,,,,,,,
F,Ich habe der Prinzessin sich selbst auf den Gemälden präsentiert.,3,,,,,,,,,,,,,,,,,,,,,,,,,1,,,,,3,,,,3,2,,,,5,,,,4,,,2,,,,,,,,,,,,,,,,,,,,,,,,,,,,,,,,,,,,,,,,,,,,,,2,,,,,,,,,,,,,,,,,,,,,2,2,,,,,,3,,,,5,,,,,,,,,4,,,,,,,,,,,,,,,,,,,,,,1,,,,1,,,,,,,,,6,,,,
F,"Sie schreibt gerne Briefe, obwohl sie hat jetzt einen Computer.",2,,,,,,,,,,,,,,,,,,,,,,,,,1,,,,,1,,,,4,3,,,,5,,,,1,,,1,,,,,,,,,,,,,,,,,,,,,,,,,,,,,,,,,,,,,,,,,,,,,,1,,,,,,,,,,,,,,,,,,,,,1,1,,,,,,2,,,,5,,,,,,,,,5,,,,,,,,,,,,,,,,,,,,,,1,,,,7,,,,,,,,,7,,,,
F,Da entschieden gegen hat der Politiker sicherlich nicht.,1,,,,,,,,,,,,,,,,,,,,,,,,,1,,,,,1,,,,1,1,,,,3,,,,1,,,1,,,,,,,,,,,,,,,,,,,,,,,,,,,,,,,,,,,,,,,,,,,,,,1,,,,,,,,,,,,,,,,,,,,,1,1,,,,,,1,,,,3,,,,,,,,,5,,,,,,,,,,,,,,,,,,,,,,1,,,,4,,,,,,,,,2,,,,
F,Das Dach wurde für gereinigt.,1,,,,,,,,,,,,,,,,,,,,,,,,,1,,,,,1,,,,1,1,,,,1,,,,1,,,1,,,,,,,,,,,,,,,,,,,,,,,,,,,,,,,,,,,,,,,,,,,,,,1,,,,,,,,,,,,,,,,,,,,,1,1,,,,,,1,,,,1,,,,,,,,,3,,,,,,,,,,,,,,,,,,,,,,1,,,,1,,,,,,,,,3,,,,
F,Die Autorin hat dem frechen und nervigen Journalisten kurzfristig abgesagt.,7,,,,,,,,,,,,,,,,,,,,,,,,,7,,,,,6,,,,5,7,,,,6,,,,7,,,4,,,,,,,,,,,,,,,,,,,,,,,,,,,,,,,,,,,,,,,,,,,,,,6,,,,,,,,,,,,,,,,,,,,,5,6,,,,,,7,,,,5,,,,,,,,,5,,,,,,,,,,,,,,,,,,,,,,7,,,,1,,,,,,,,,6,,,,
F,"Sie denkt, der Koch hat die Suppe versalzen.",7,,,,,,,,,,,,,,,,,,,,,,,,,7,,,,,7,,,,3,7,,,,5,,,,7,,,4,,,,,,,,,,,,,,,,,,,,,,,,,,,,,,,,,,,,,,,,,,,,,,3,,,,,,,,,,,,,,,,,,,,,5,5,,,,,,2,,,,5,,,,,,,,,4,,,,,,,,,,,,,,,,,,,,,,6,,,,5,,,,,,,,,5,,,,
F,"Der Zuschauer denkt er, dass die Sendung angeguckt hat.",,,,,6,,,,1,,,,,,,,,1,,,,,,,1,,,,,,,,,,,,,,,,,,,,,,,5,,,1,,,,,,,7,,,,,,,,,2,,,,,,,,,,,,1,,,,1,,,,,,,,,,,1,,,1,,,,,,,,,,,,,,,,,,,,1,,,,,1,,1,,,,,,,,,,,,,1,,,,,,,,,,,,,,,,,,,,,2,,,,,,,,,,,,,,,
F,Der Junge wurde vor benotet und bewertet.,,,,,4,,,,1,,,,,,,,,1,,,,,,,1,,,,,,,,,,,,,,,,,,,,,,,3,,,1,,,,,,,1,,,,,,,,,2,,,,,,,,,,,,2,,,,1,,,,,,,,,,,1,,,2,,,,,,,,,,,,,,,,,,,,1,,,,,1,,1,,,,,,,,,,,,,1,,,,,,,,,,,,,,,,,,,,,1,,,,,,,,,,,,,,,
F,Am Strand liegen viele Urlauber in der Sonne.,,,,,6,,,,7,,,,,,,,,7,,,,,,,7,,,,,,,,,,,,,,,,,,,,,,,2,,,7,,,,,,,7,,,,,,,,,7,,,,,,,,,,,,7,,,,7,,,,,,,,,,,7,,,7,,,,,,,,,,,,,,,,,,,,5,,,,,6,,6,,,,,,,,,,,,,6,,,,,,,,,,,,,,,,,,,,,4,,,,,,,,,,,,,,,
F,Am Strand liegen viele Urlauber in der Sonne.,,,,,5,,,,7,,,,,,,,,6,,,,,,,7,,,,,,,,,,,,,,,,,,,,,,,1,,,7,,,,,,,7,,,,,,,,,7,,,,,,,,,,,,7,,,,3,,,,,,,,,,,7,,,7,,,,,,,,,,,,,,,,,,,,5,,,,,6,,6,,,,,,,,,,,,,6,,,,,,,,,,,,,,,,,,,,,4,,,,,,,,,,,,,,,
F,Wie hat die Polizei welchen Fall gelöst?,,,,,4,,,,6,,,,,,,,,7,,,,,,,1,,,,,,,,,,,,,,,,,,,,,,,6,,,7,,,,,,,7,,,,,,,,,7,,,,,,,,,,,,7,,,,1,,,,,,,,,,,4,,,7,,,,,,,,,,,,,,,,,,,,6,,,,,3,,3,,,,,,,,,,,,,3,,,,,,,,,,,,,,,,,,,,,4,,,,,,,,,,,,,,,
F,"Im Wald glaubt sie, hat der Jäger den Förster gesehen.",,,,,7,,,,7,,,,,,,,,6,,,,,,,1,,,,,,,,,,,,,,,,,,,,,,,4,,,1,,,,,,,7,,,,,,,,,5,,,,,,,,,,,,4,,,,5,,,,,,,,,,,5,,,7,,,,,,,,,,,,,,,,,,,,4,,,,,3,,4,,,,,,,,,,,,,3,,,,,,,,,,,,,,,,,,,,,2,,,,,,,,,,,,,,,
F,Bei dem Volleyballspiel die Mannschaft spielt fehlerfrei und harmonisch.,,,,,,,,,,,,,,,,,,,,,,,,,,,,,,,,1,,,,,,,,,,,,,,1,,,,,,,,,,,,,,,,,,,,,,,,,,,,,,,,,,,,,,,,,,,,,,2,,,,,,1,,,,,,,,,,,,,,,,,,,,,,,,,,,,,,,,,,,,,2,,,,1,,,,,,,,,,,,,1,2,,,,,,,,,,,2,,,,,,1,,,
F,Der Stift wurde aus angespitzt.,,,,,,,,,,,,,,,,,,,,,,,,,,,,,,,,1,,,,,,,,,,,,,,1,,,,,,,,,,,,,,,,,,,,,,,,,,,,,,,,,,,,,,,,,,,,,,1,,,,,,1,,,,,,,,,,,,,,,,,,,,,,,,,,,,,,,,,,,,,1,,,,1,,,,,,,,,,,,,1,1,,,,,,,,,,,4,,,,,,1,,,
F,Der Kontrolleur hat den lauten und unfreundlichen Mitfahrer ermahnt.,,,,,,,,,,,,,,,,,,,,,,,,,,,,,,,,7,,,,,,,,,,,,,,7,,,,,,,,,,,,,,,,,,,,,,,,,,,,,,,,,,,,,,,,,,,,,,7,,,,,,7,,,,,,,,,,,,,,,,,,,,,,,,,,,,,,,,,,,,,7,,,,7,,,,,,,,,,,,,7,6,,,,,,,,,,,6,,,,,,7,,,
F,Die Lehrerin hat dem Schüler Nachhilfeunterricht geraten.,,,,,,,,,,,,,,,,,,,,,,,,,,,,,,,,1,,,,,,,,,,,,,,4,,,,,,,,,,,,,,,,,,,,,,,,,,,,,,,,,,,,,,,,,,,,,,4,,,,,,1,,,,,,,,,,,,,,,,,,,,,,,,,,,,,,,,,,,,,1,,,,3,,,,,,,,,,,,,1,6,,,,,,,,,,,3,,,,,,5,,,
F,Ihr habt dem Schauspieler sich selbst auf dem Foto gezeigt.,,,,,,,,,,,,,,,,,,,,,,,,,,,,,,,,1,,,,,,,,,,,,,,3,,,,,,,,,,,,,,,,,,,,,,,,,,,,,,,,,,,,,,,,,,,,,,7,,,,,,1,,,,,,,,,,,,,,,,,,,,,,,,,,,,,,,,,,,,,1,,,,1,,,,,,,,,,,,,1,5,,,,,,,,,,,4,,,,,,4,,,
F,Die Führungskräfte haben einander sie als talentierten und hilfreichen Coach empfohlen.,,,,,,,,,,,,,,,,,,,,,,,,,,,,,,,,1,,,,,,,,,,,,,,6,,,,,,,,,,,,,,,,,,,,,,,,,,,,,,,,,,,,,,,,,,,,,,6,,,,,,2,,,,,,,,,,,,,,,,,,,,,,,,,,,,,,,,,,,,,1,,,,1,,,,,,,,,,,,,4,4,,,,,,,,,,,4,,,,,,1,,,
F,Die Katze wurde unter gestreichelt und gekrault.,,,,,,,,,,,,1,,,,,,,,,,,2,,,,,1,,,,,,,,,,,,,,,,,,,,,,,,,2,,3,,,,1,,,,,,,,,1,,,,,,,,,,,,,,,,,,,,,5,,,,,,,,,,,,,,,,,,,2,,,,2,,,,,,,,1,,,,,,,2,,,1,,,,,,,,,,,,,,,,,,,,,,,,1,,,,,,,1,1,,,,,,,,,,,
F,Der Polizist hat den komplizierten Fall endlich gelöst.,,,,,,,,,,,,7,,,,,,,,,,,7,,,,,7,,,,,,,,,,,,,,,,,,,,,,,,,7,,7,,,,6,,,,,,,,,7,,,,,,,,,,,,,,,,,,,,,5,,,,,,,,,,,,,,,,,,,7,,,,7,,,,,,,,7,,,,,,,7,,,7,,,,,,,,,,,,,,,,,,,,,,,,7,,,,,,,4,7,,,,,,,,,,,
F,"Er weiß, der Mann hat das neue und teure Handy geklaut.",,,,,,,,,,,,1,,,,,,,,,,,5,,,,,6,,,,,,,,,,,,,,,,,,,,,,,,,2,,6,,,,7,,,,,,,,,4,,,,,,,,,,,,,,,,,,,,,5,,,,,,,,,,,,,,,,,,,7,,,,7,,,,,,,,5,,,,,,,3,,,5,,,,,,,,,,,,,,,,,,,,,,,,5,,,,,,,4,5,,,,,,,,,,,
F,"In Bayern meinte sie, haben die Lehrer die Schüler mehr unter Kontrolle.",,,,,,,,,,,,2,,,,,,,,,,,6,,,,,6,,,,,,,,,,,,,,,,,,,,,,,,,4,,6,,,,6,,,,,,,,,5,,,,,,,,,,,,,,,,,,,,,3,,,,,,,,,,,,,,,,,,,7,,,,7,,,,,,,,4,,,,,,,5,,,4,,,,,,,,,,,,,,,,,,,,,,,,5,,,,,,,4,3,,,,,,,,,,,
F,"Ihr fahrt gerne in die Berge, obwohl ihr wohnt sehr nahe am Meer.",,,,,,,,,,,,1,,,,,,,,,,,2,,,,,2,,,,,,,,,,,,,,,,,,,,,,,,,1,,1,,,,1,,,,,,,,,1,,,,,,,,,,,,,,,,,,,,,1,,,,,,,,,,,,,,,,,,,2,,,,1,,,,,,,,1,,,,,,,3,,,2,,,,,,,,,,,,,,,,,,,,,,,,3,,,,,,,1,1,,,,,,,,,,,
F,Da gelacht rüber hat der Moderator natürlich nicht.,,,,,,,,,,,,1,,,,,,,,,,,1,,,,,2,,,,,,,,,,,,,,,,,,,,,,,,,1,,1,,,,1,,,,,,,,,3,,,,,,,,,,,,,,,,,,,,,1,,,,,,,,,,,,,,,,,,,1,,,,1,,,,,,,,1,,,,,,,1,,,1,,,,,,,,,,,,,,,,,,,,,,,,1,,,,,,,1,1,,,,,,,,,,,
H 1.1,Die Einfach- und Klarheit der Lösung erstaunte alle.,,,,,,,,,,3,,,,,,,,,4,,,,,,,,,,,,,,,,,,,,,,,,,,4,,,,,,,,,,,,,,,,,,,,,,,,,,3,,,,,2,,,,2,,,,,,,,,,,3,,,,,,,,,4,,2,,,,,,,,,1,,,,,,,2,5,,,,,,,,,,,,,,,,,,,,,,7,,,7,,,,,,7,,,,,,,,,,,,,1,,,,,,,,,,
H 1.1,Die Einfach- und Klarheit der Lösung erstaunte alle.,,,,,,,,,,,,,,,,3,2,,,,,,,,,,7,,,,,,2,,,,,,,,,,,,,,,,,,,5,,,,7,,,,,7,,,3,,1,,,2,,,,,,,,,3,,,,,,,,,,,,,,,,,,3,,,,,,,1,4,,,5,,,,,,,,,,,,,,,,,,,,,,,,,,,,,,,,,,,,,,,3,,,,,5,,,,,,,,1,,,,,,6,4,,,,,,,
H 1.2,Ihr Auftreten strahlt Gewiss- und Sicherheit aus.,,,,,,,,5,,,,,,,,,,,,,,,,,,,,,,,,,,,,,,,,,,,1,,,,,,,,,,,,,,,,,,,,6,,,,,,,,,,6,,,,6,,,,1,,,,,,,,,,,,,,,,,,,,,,,,,,,,,,,,,,,,,,,,,,,,,,,,,,6,,,,,,,,,,,,,,,,,,,,,,,,,,,,,,,,,,,,,,,,4,5,4
H 1.2,Ihr Auftreten strahlt Gewiss- und Sicherheit aus.,,,,,,,,,,,,4,,,,,,,,,,,2,,,,,1,,,,,,,,,,,,,,,,,,,,,,,,,4,,4,,,,1,,,,,,,,,5,,,,,,,,,,,,,,,,,,,,,6,,,,,,,,,,,,,,,,,,,2,,,,5,,,,,,,,1,,,,,,,4,,,1,,,,,,,,,,,,,,,,,,,,,,,,2,,,,,,,2,3,,,,,,,,,,,
H 1.3,Der Diamant ist von seltener Schön- und Reinheit.,,,,,,,,,,,,,,6,,,,,,7,,,,,,,,,,,,,,,,,2,,,,3,,,,,,,,,,,,,,,,,,,,,,,,,,,,,,,,,,,,,,,,,,,,,,,,,4,,,,,2,,,,,,,,,,,,,,2,,,,,,,,,,,,,,,,,7,,,,,,,,,,6,,,,,,6,,,,,,2,,,,,,,,,,,,,,,,,,,,,,,,,
H 1.3,Der Diamant ist von seltener Schön- und Reinheit.,,,,,,,,,,,,,,,,,,,,,,,,,,,,,,,,3,,,,,,,,,,,,,,5,,,,,,,,,,,,,,,,,,,,,,,,,,,,,,,,,,,,,,,,,,,,,,5,,,,,,1,,,,,,,,,,,,,,,,,,,,,,,,,,,,,,,,,,,,,7,,,,1,,,,,,,,,,,,,6,3,,,,,,,,,,,6,,,,,,3,,,
H 1.4,Der Anwalt setzt sich für die Gleich- und Freiheit aller Menschen ein.,,,,,2,,,,3,,,,,,,,,5,,,,,,,1,,,,,,,,,,,,,,,,,,,,,,,7,,,1,,,,,,,3,,,,,,,,,3,,,,,,,,,,,,1,,,,3,,,,,,,,,,,4,,,2,,,,,,,,,,,,,,,,,,,,3,,,,,5,,3,,,,,,,,,,,,,2,,,,,,,,,,,,,,,,,,,,,2,,,,,,,,,,,,,,,
H 1.5,Das ist die Verrückt- und Besonderheit ihrer Herangehensweise.,,,,3,,1,,,,,5,,,,,,,,,,3,3,,,,,,,,6,,,,,,,,,,,,,,,,,,,,,,,,,,,4,,,,,6,,,,,,,,2,,,,,,,,,,,,,,5,7,3,,2,,,,,,,,,,,,,,,,,2,,,,,1,,,,,,,,,,,,,,,,,,,,,,2,4,,,,,,,,,,2,,6,,,,,,,,,,5,,,,,,,,,,,,2,4,,,,,
H 1.5,Das ist die Verrückt- und Besonderheit ihrer Herangehensweise.,3,,,,,,,,,,,,,,,,,,,,,,,,,5,,,,,2,,,,6,5,,,,6,,,,5,,,1,,,,,,,,,,,,,,,,,,,,,,,,,,,,,,,,,,,,,,,,,,,,,,1,,,,,,,,,,,,,,,,,,,,,1,1,,,,,,5,,,,5,,,,,,,,,3,,,,,,,,,,,,,,,,,,,,,,2,,,,2,,,,,,,,,4,,,,
H 1.6,Die Echt- und Nettheit seiner Reaktion hat allen gefallen.,,,,,,,,,,,,,,,,,,,,,,,,6,,,,,1,,,,,,,,,6,7,,,,,,,,,,,,,,,,,,,,,,,,,,,,,,,,,3,,,7,,,,,,,1,,,,,,,,,,,,,,,,,1,,,,,,,,,,,,,,6,,,,,,,,,,,,,,,,3,,,,,,,,,,,5,,,,,,,,,,,,,,,,,,,,,,,,,,,,,,,,,
H 1.7,Allen war die Dumm- und Feigheit ihrer Entscheidung klar.,,,7,,,,6,,,,,,,,6,,,,,,,,,,,,,,,,,,,6,,,,,,,,5,,,,,,,5,,,,,,,,,,,,,,,,2,,,,,,,,,,,,,,,,,,,,,,7,,,,,,,,,,,,,,,,,,,2,,,,,,,,,,,,,,,,,,,,,,1,,,,,,,,,,,,,,,,,,,,,2,,,,,,,,1,,,,,,,,,,,,,,,,
H 1.8,Viele streben innere Gelassen- und Zufriedenheit an.,,4,,,,,,,,,,,,,,,,,,,,,,,,,,,,,,,,,,,,,,,,,,,,,,,,3,,,,4,,,,,,4,,,,,,,,,,,,,,7,,,,,,,,,,,,,,,,,,,,,,,,,,,1,,,,,,,,,,,,,,,7,,,,,,,6,,,,,,,,,,,,,,,6,,,,,,,,,6,,,,,,,,,,,,,,,,,,,,,,,,,,
H 1'.1,Die Klar- und Einfachheit der Lösung erstaunte alle.,,,,4,,3,,,,,6,,6,,,,,,,,5,3,,,,,,,,3,,,,,,,,,,,,,,,,,,,,,,,,,,,4,,,,,1,,,,,,,,6,,,,,,,,,,,,,,6,7,7,,1,,,,,,,,,,,,,,,,,5,,,,,3,,,,,,,,,,,,,,,,,,,,,,5,7,,,,,,,,,,2,,6,,,,,,,,,,2,,,,,,,,,,,,7,7,,,,,
H 1'.1,Die Klar- und Einfachheit der Lösung erstaunte alle.,,2,,,,,,,,,,,,,,,,,,,,,,,,,,,,,,,,,,,,,,,,,,,,,,,,4,,,,4,,,,,,2,,,,,,,,,,,,,,6,,,,,,,,,,,,,,,,,,,,,,,,,,,1,,,,,,,,,,,,,,,7,,,,,,,6,,,,,,,,,,,,,,,7,,,,,,,,,6,,,,,,,,,,,,,,,,,,,,,,,,,,
H 1'.2,Ihr Auftreten strahlt Sicher- und Gewissheit aus.,,,,,,,,,,3,,,,,,,,,3,,,,,,,,,,,,,,,,,,,,,,,,,,4,,,,,,,,,,,,,,,,,,,,,,,,,,2,,,,,2,,,,3,,,,,,,,,,,5,,,,,,,,,1,,6,,,,,,,,,1,,,,,,,6,5,,,,,,,,,,,,,,,,,,,,,,7,,,4,,,,,,7,,,,,,,,,,,,,3,,,,,,,,,,
H 1'.2,Ihr Auftreten strahlt Sicher- und Gewissheit aus.,,,,,,,,,,,,,,,,1,2,,,,,,,,,,3,,,,,,3,,,,,,,,,,,,,,,,,,,4,,,,7,,,,,4,,,3,,6,,,2,,,,,,,,,2,,,,,,,,,,,,,,,,,,1,,,,,,,1,3,,,2,,,,,,,,,,,,,,,,,,,,,,,,,,,,,,,,,,,,,,,6,,,,,6,,,,,,,,1,,,,,,6,4,,,,,,,
H 1'.3,Der Diamant ist von seltener Rein- und Schönheit.,,,,,,,,3,,,,,,,,,,,,,,,,,,,,,,,,,,,,,,,,,,,1,,,,,,,,,,,,,,,,,,,,5,,,,,,,,,,6,,,,7,,,,3,,,,,,,,,,,,,,,,,,,,,,,,,,,,,,,,,,,,,,,,,,,,,,,,,,3,,,,,,,,,,,,,,,,,,,,,,,,,,,,,,,,,,,,,,,,5,6,6
H 1'.3,Der Diamant ist von seltener Rein- und Schönheit.,,,,,,,,,,,,7,,,,,,,,,,,3,,,,,4,,,,,,,,,,,,,,,,,,,,,,,,,3,,6,,,,1,,,,,,,,,6,,,,,,,,,,,,,,,,,,,,,6,,,,,,,,,,,,,,,,,,,3,,,,6,,,,,,,,3,,,,,,,6,,,7,,,,,,,,,,,,,,,,,,,,,,,,6,,,,,,,3,7,,,,,,,,,,,
H 1'.4,Der Anwalt setzt sich für die Frei- und Gleichheit aller Menschen ein.,,,,,,,,,,,,,,5,,,,,,6,,,,,,,,,,,,,,,,,5,,,,5,,,,,,,,,,,,,,,,,,,,,,,,,,,,,,,,,,,,,,,,,,,,,,,,,4,,,,,2,,,,,,,,,,,,,,,,,,,,,,,,,,,,,,,7,,,,,,,,,,6,,,,,,6,,,,,,3,,,,,,,,,,,,,,,,,,,,,,,,,
H 1'.4,Der Anwalt setzt sich für die Frei- und Gleichheit aller Menschen ein.,,,,,,,,,,,,,,,,,,,,,,,,,,,,,,,,1,,,,,,,,,,,,,,7,,,,,,,,,,,,,,,,,,,,,,,,,,,,,,,,,,,,,,,,,,,,,,5,,,,,,1,,,,,,,,,,,,,,,,,,,,,,,,,,,,,,,,,,,,,1,,,,1,,,,,,,,,,,,,6,4,,,,,,,,,,,6,,,,,,3,,,
H 1'.5,Das ist die Besonder- und Verrücktheit ihrer Herangehensweise.,,,,,2,,,,4,,,,,,,,,3,,,,,,,1,,,,,,,,,,,,,,,,,,,,,,,3,,,1,,,,,,,6,,,,,,,,,6,,,,,,,,,,,,2,,,,1,,,,,,,,,,,2,,,2,,,,,,,,,,,,,,,,,,,,2,,,,,5,,3,,,,,,,,,,,,,2,,,,,,,,,,,,,,,,,,,,,1,,,,,,,,,,,,,,,
H 1'.6,Die Nett- und Echtheit seiner Reaktion hat allen gefallen.,5,,,,,,,,,,,,,,,,,,,,,,,,,2,,,,,5,,,,7,5,,,,7,,,,2,,,1,,,,,,,,,,,,,,,,,,,,,,,,,,,,,,,,,,,,,,,,,,,,,,1,,,,,,,,,,,,,,,,,,,,,1,2,,,,,,3,,,,5,,,,,,,,,5,,,,,,,,,,,,,,,,,,,,,,2,,,,2,,,,,,,,,6,,,,
H 1'.7,Allen war die Feig- und Dummheit ihrer Entscheidung klar.,,,,,,,,,,,,,,,,,,,,,,,,5,,,,,3,,,,,,,,,3,7,,,,,,,,,,,,,,,,,,,,,,,,,,,,,,,,,2,,,7,,,,,,,1,,,,,,,,,,,,,,,,,3,,,,,,,,,,,,,,6,,,,,,,,,,,,,,,,6,,,,,,,,,,,4,,,,,,,,,,,,,,,,,,,,,,,,,,,,,,,,,
H 1'.8,Viele streben innere Zufrieden- und Gelassenheit an.,,,5,,,,7,,,,,,,,7,,,,,,,,,,,,,,,,,,,7,,,,,,,,5,,,,,,,6,,,,,,,,,,,,,,,,5,,,,,,,,,,,,,,,,,,,,,,7,,,,,,,,,,,,,,,,,,,5,,,,,,,,,,,,,,,,,,,,,,1,,,,,,,,,,,,,,,,,,,,,4,,,,,,,,1,,,,,,,,,,,,,,,,
H 4.1,Sie strahlen Vergangen- und Erhabenheit aus.,,,3,,,,6,,,,,,,,6,,,,,,,,,,,,,,,,,,,1,,,,,,,,5,,,,,,,6,,,,,,,,,,,,,,,,3,,,,,,,,,,,,,,,,,,,,,,6,,,,,,,,,,,,,,,,,,,3,,,,,,,,,,,,,,,,,,,,,,1,,,,,,,,,,,,,,,,,,,,,4,,,,,,,,3,,,,,,,,,,,,,,,,
H 4.1,Sie strahlen Vergangen- und Erhabenheit aus.,,,,,,,,,,,,,,,,,,,,,,,,,,,,,,,,1,,,,,,,,,,,,,,5,,,,,,,,,,,,,,,,,,,,,,,,,,,,,,,,,,,,,,,,,,,,,,1,,,,,,1,,,,,,,,,,,,,,,,,,,,,,,,,,,,,,,,,,,,,1,,,,1,,,,,,,,,,,,,6,2,,,,,,,,,,,6,,,,,,2,,,
H 4.2,Das Hotel bietet Gelegen- und Abgeschiedenheit zum Entspannen.,,2,,,,,,,,,,,,,,,,,,,,,,,,,,,,,,,,,,,,,,,,,,,,,,,,5,,,,4,,,,,,3,,,,,,,,,,,,,,3,,,,,,,,,,,,,,,,,,,,,,,,,,,1,,,,,,,,,,,,,,,2,,,,,,,5,,,,,,,,,,,,,,,3,,,,,,,,,6,,,,,,,,,,,,,,,,,,,,,,,,,,
H 4.4,Die Gesamt- und Allgemeinheit der Regeln spricht dafür.,,,,,,,,,,,,,,,,,,,,,,,,3,,,,,3,,,,,,,,,7,7,,,,,,,,,,,,,,,,,,,,,,,,,,,,,,,,,4,,,3,,,,,,,5,,,,,,,,,,,,,,,,,5,,,,,,,,,,,,,,5,,,,,,,,,,,,,,,,7,,,,,,,,,,,5,,,,,,,,,,,,,,,,,,,,,,,,,,,,,,,,,
H 4.2,Das Hotel bietet Gelegen- und Abgeschiedenheit zum Entspannen.,,,,,6,,,,1,,,,,,,,,2,,,,,,,1,,,,,,,,,,,,,,,,,,,,,,,6,,,1,,,,,,,1,,,,,,,,,3,,,,,,,,,,,,1,,,,1,,,,,,,,,,,1,,,2,,,,,,,,,,,,,,,,,,,,2,,,,,5,,4,,,,,,,,,,,,,1,,,,,,,,,,,,,,,,,,,,,2,,,,,,,,,,,,,,,
H 4.3,Die Tat wurde mit Trunken- und Verlogenheit begangen.,,,,,,,,,,,,,,,,3,4,,,,,,,,,,5,,,,,,5,,,,,,,,,,,,,,,,,,,4,,,,7,,,,,2,,,4,,6,,,1,,,,,,,,,2,,,,,,,,,,,,,,,,,,2,,,,,,,1,5,,,3,,,,,,,,,,,,,,,,,,,,,,,,,,,,,,,,,,,,,,,1,,,,,3,,,,,,,,1,,,,,,2,4,,,,,,,
H 4.3,Die Tat wurde mit Trunken- und Verlogenheit begangen.,5,,,,,,,,,,,,,,,,,,,,,,,,,4,,,,,2,,,,1,5,,,,2,,,,5,,,2,,,,,,,,,,,,,,,,,,,,,,,,,,,,,,,,,,,,,,,,,,,,,,1,,,,,,,,,,,,,,,,,,,,,3,1,,,,,,4,,,,4,,,,,,,,,3,,,,,,,,,,,,,,,,,,,,,,1,,,,7,,,,,,,,,5,,,,
H 4.4,Die Gesamt- und Allgemeinheit der Regeln spricht dafür.,,,,,,,,5,,,,,,,,,,,,,,,,,,,,,,,,,,,,,,,,,,,4,,,,,,,,,,,,,,,,,,,,6,,,,,,,,,,5,,,,7,,,,5,,,,,,,,,,,,,,,,,,,,,,,,,,,,,,,,,,,,,,,,,,,,,,,,,,5,,,,,,,,,,,,,,,,,,,,,,,,,,,,,,,,,,,,,,,,6,5,7
H 4.5,"Er glaubt, dass die Staatsanwälte zu viel Befangen- und Verschwiegenheit an den Tag legen.",,,,,,,,,,,,,,6,,,,,,6,,,,,,,,,,,,,,,,,5,,,,5,,,,,,,,,,,,,,,,,,,,,,,,,,,,,,,,,,,,,,,,,,,,,,,,,5,,,,,2,,,,,,,,,,,,,,6,,,,,,,,,,,,,,,,,1,,,,,,,,,,1,,,,,,5,,,,,,3,,,,,,,,,,,,,,,,,,,,,,,,,
H 4.6,Eigenschaften wie Lüstern- und Verderbtheit sind absolut unpassend.,,,,2,,5,,,,,7,,3,,,,,,,,6,4,,,,,,,,5,,,,,,,,,,,,,,,,,,,,,,,,,,,5,,,,,6,,,,,,,,4,,,,,,,,,,,,,,3,7,6,,5,,,,,,,,,,,,,,,,,6,,,,,2,,,,,,,,,,,,,,,,,,,,,,2,4,,,,,,,,,,4,,3,,,,,,,,,,7,,,,,,,,,,,,6,3,,,,,
H 4.7,Der Richter vermittelt mit Besonnen- und Rechtschaffenheit.,,,,,,,,,,3,,,,,,,,,6,,,,,,,,,,,,,,,,,,,,,,,,,,6,,,,,,,,,,,,,,,,,,,,,,,,,,2,,,,,4,,,,7,,,,,,,,,,,6,,,,,,,,,1,,3,,,,,,,,,2,,,,,,,6,5,,,,,,,,,,,,,,,,,,,,,,7,,,7,,,,,,2,,,,,,,,,,,,,6,,,,,,,,,,
H 4.8,Eine Ausbildung in Frankreich steht für Gewandt- und Kultiviertheit.,,,,,,,,,,,,7,,,,,,,,,,,4,,,,,4,,,,,,,,,,,,,,,,,,,,,,,,,3,,5,,,,2,,,,,,,,,4,,,,,,,,,,,,,,,,,,,,,1,,,,,,,,,,,,,,,,,,,3,,,,5,,,,,,,,1,,,,,,,3,,,3,,,,,,,,,,,,,,,,,,,,,,,,5,,,,,,,3,6,,,,,,,,,,,
H 4'.1,Sie strahlen Erhaben- und Vergangenheit aus.,,,,,,,,,,,,,,,,,,,,,,,,2,,,,,2,,,,,,,,,6,2,,,,,,,,,,,,,,,,,,,,,,,,,,,,,,,,,2,,,1,,,,,,,4,,,,,,,,,,,,,,,,,2,,,,,,,,,,,,,,6,,,,,,,,,,,,,,,,7,,,,,,,,,,,6,,,,,,,,,,,,,,,,,,,,,,,,,,,,,,,,,
H 4'.1,Sie strahlen Erhaben- und Vergangenheit aus.,,,,,,,,,,,,3,,,,,,,,,,,2,,,,,1,,,,,,,,,,,,,,,,,,,,,,,,,3,,3,,,,2,,,,,,,,,6,,,,,,,,,,,,,,,,,,,,,2,,,,,,,,,,,,,,,,,,,3,,,,1,,,,,,,,1,,,,,,,5,,,3,,,,,,,,,,,,,,,,,,,,,,,,2,,,,,,,3,5,,,,,,,,,,,
H 4'.2,Das Hotel bietet Abgeschieden- und Gelegenheit zum Entspannen.,,,2,,,,2,,,,,,,,4,,,,,,,,,,,,,,,,,,,1,,,,,,,,1,,,,,,,2,,,,,,,,,,,,,,,,3,,,,,,,,,,,,,,,,,,,,,,2,,,,,,,,,,,,,,,,,,,1,,,,,,,,,,,,,,,,,,,,,,1,,,,,,,,,,,,,,,,,,,,,5,,,,,,,,1,,,,,,,,,,,,,,,,
H 4'.2,Das Hotel bietet Abgeschieden- und Gelegenheit zum Entspannen.,,,,,,,,,,,,,,,,,,,,,,,,,,,,,,,,1,,,,,,,,,,,,,,3,,,,,,,,,,,,,,,,,,,,,,,,,,,,,,,,,,,,,,,,,,,,,,1,,,,,,1,,,,,,,,,,,,,,,,,,,,,,,,,,,,,,,,,,,,,1,,,,1,,,,,,,,,,,,,3,1,,,,,,,,,,,6,,,,,,1,,,
H 4'.3,Die Tat wurde mit Verlogen- und Trunkenheit begangen.,,3,,,,,,,,,,,,,,,,,,,,,,,,,,,,,,,,,,,,,,,,,,,,,,,,3,,,,3,,,,,,3,,,,,,,,,,,,,,5,,,,,,,,,,,,,,,,,,,,,,,,,,,1,,,,,,,,,,,,,,,4,,,,,,,5,,,,,,,,,,,,,,,4,,,,,,,,,3,,,,,,,,,,,,,,,,,,,,,,,,,,
H 4'.3,Die Tat wurde mit Verlogen- und Trunkenheit begangen.,,,,,1,,,,3,,,,,,,,,4,,,,,,,1,,,,,,,,,,,,,,,,,,,,,,,4,,,1,,,,,,,6,,,,,,,,,6,,,,,,,,,,,,3,,,,2,,,,,,,,,,,2,,,2,,,,,,,,,,,,,,,,,,,,2,,,,,5,,1,,,,,,,,,,,,,1,,,,,,,,,,,,,,,,,,,,,3,,,,,,,,,,,,,,,
H 4'.4,Die Allgemein- und Gesamtheit der Regeln spricht dafür.,,,,,,,,,,,,,,,,3,5,,,,,,,,,,6,,,,,,5,,,,,,,,,,,,,,,,,,,7,,,,7,,,,,7,,,4,,6,,,2,,,,,,,,,2,,,,,,,,,,,,,,,,,,4,,,,,,,1,5,,,4,,,,,,,,,,,,,,,,,,,,,,,,,,,,,,,,,,,,,,,6,,,,,6,,,,,,,,1,,,,,,3,3,,,,,,,
H 4'.4,Die Allgemein- und Gesamtheit der Regeln spricht dafür.,3,,,,,,,,,,,,,,,,,,,,,,,,,5,,,,,5,,,,4,6,,,,2,,,,5,,,3,,,,,,,,,,,,,,,,,,,,,,,,,,,,,,,,,,,,,,,,,,,,,,1,,,,,,,,,,,,,,,,,,,,,4,1,,,,,,7,,,,5,,,,,,,,,5,,,,,,,,,,,,,,,,,,,,,,2,,,,4,,,,,,,,,2,,,,
H 4'.5,"Er glaubt, dass die Staatsanwälte zu viel Verschwiegen- und Befangenheit an den Tag legen.",,,,,,,,7,,,,,,,,,,,,,,,,,,,,,,,,,,,,,,,,,,,4,,,,,,,,,,,,,,,,,,,,4,,,,,,,,,,4,,,,7,,,,3,,,,,,,,,,,,,,,,,,,,,,,,,,,,,,,,,,,,,,,,,,,,,,,,,,3,,,,,,,,,,,,,,,,,,,,,,,,,,,,,,,,,,,,,,,,4,3,4
H 4'.6,Eigenschaften wie Verderbt- und Lüsternheit sind absolut unpassend.,,,,,,,,,,,,,,3,,,,,,7,,,,,,,,,,,,,,,,,5,,,,5,,,,,,,,,,,,,,,,,,,,,,,,,,,,,,,,,,,,,,,,,,,,,,,,,3,,,,,3,,,,,,,,,,,,,,2,,,,,,,,,,,,,,,,,6,,,,,,,,,,1,,,,,,5,,,,,,3,,,,,,,,,,,,,,,,,,,,,,,,,
H 4'.7,Der Richter vermittelt mit Rechtschaffen- und Besonnenheit.,,,,3,,6,,,,,7,,2,,,,,,,,5,4,,,,,,,,4,,,,,,,,,,,,,,,,,,,,,,,,,,,5,,,,,6,,,,,,,,4,,,,,,,,,,,,,,5,6,6,,5,,,,,,,,,,,,,,,,,4,,,,,3,,,,,,,,,,,,,,,,,,,,,,2,6,,,,,,,,,,4,,5,,,,,,,,,,6,,,,,,,,,,,,7,1,,,,,
H 4'.8,Eine Ausbildung in Frankreich steht für Kultiviert- und Gewandtheit.,,,,,,,,,,3,,,,,,,,,6,,,,,,,,,,,,,,,,,,,,,,,,,,4,,,,,,,,,,,,,,,,,,,,,,,,,,3,,,,,5,,,,7,,,,,,,,,,,6,,,,,,,,,1,,5,,,,,,,,,3,,,,,,,7,5,,,,,,,,,,,,,,,,,,,,,,4,,,3,,,,,,3,,,,,,,,,,,,,4,,,,,,,,,,
K 2.1,Das Hotel erfüllte ihre Erwartungen und überzeugte vor allem durch Sauber- und Gemütlichkeit.,,,,,,,,,,,,,,5,,,,,,6,,,,,,,,,,,,,,,,,2,,,,4,,,,,,,,,,,,,,,,,,,,,,,,,,,,,,,,,,,,,,,,,,,,,,,,,6,,,,,2,,,,,,,,,,,,,,2,,,,,,,,,,,,,,,,,2,,,,,,,,,,3,,,,,,6,,,,,,4,,,,,,,,,,,,,,,,,,,,,,,,,
K 2.1,Das Hotel erfüllte ihre Erwartungen und überzeugte vor allem durch Sauber- und Gemütlichkeit.,,,3,,,,5,,,,,,,,7,,,,,,,,,,,,,,,,,,,6,,,,,,,,3,,,,,,,3,,,,,,,,,,,,,,,,3,,,,,,,,,,,,,,,,,,,,,,7,,,,,,,,,,,,,,,,,,,4,,,,,,,,,,,,,,,,,,,,,,1,,,,,,,,,,,,,,,,,,,,,2,,,,,,,,2,,,,,,,,,,,,,,,,
K 2.2,Fachleute waren sich uneinig über die Möglich- und Wahrscheinlichkeit eines Wahlsieges.,,,,6,,3,,,,,5,,3,,,,,,,,4,2,,,,,,,,3,,,,,,,,,,,,,,,,,,,,,,,,,,,3,,,,,5,,,,,,,,2,,,,,,,,,,,,,,6,5,6,,1,,,,,,,,,,,,,,,,,2,,,,,2,,,,,,,,,,,,,,,,,,,,,,3,7,,,,,,,,,,1,,2,,,,,,,,,,1,,,,,,,,,,,,2,6,,,,,
K 2.2,Fachleute waren sich uneinig über die Möglich- und Wahrscheinlichkeit eines Wahlsieges.,,2,,,,,,,,,,,,,,,,,,,,,,,,,,,,,,,,,,,,,,,,,,,,,,,,3,,,,3,,,,,,3,,,,,,,,,,,,,,1,,,,,,,,,,,,,,,,,,,,,,,,,,,1,,,,,,,,,,,,,,,7,,,,,,,6,,,,,,,,,,,,,,,3,,,,,,,,,4,,,,,,,,,,,,,,,,,,,,,,,,,,
K 2.3,Den Redakteur würde ein Mangel an Aufmerksam- und Aufrichtigkeit am meisten stören.,,,,,,,,,,3,,,,,,,,,3,,,,,,,,,,,,,,,,,,,,,,,,,,1,,,,,,,,,,,,,,,,,,,,,,,,,,3,,,,,3,,,,2,,,,,,,,,,,4,,,,,,,,,1,,5,,,,,,,,,1,,,,,,,2,5,,,,,,,,,,,,,,,,,,,,,,4,,,3,,,,,,5,,,,,,,,,,,,,2,,,,,,,,,,
K 2.3,Den Redakteur würde ein Mangel an Aufmerksam- und Aufrichtigkeit am meisten stören.,,,,,,,,,,,,,,,,2,2,,,,,,,,,,2,,,,,,5,,,,,,,,,,,,,,,,,,,5,,,,6,,,,,5,,,4,,6,,,1,,,,,,,,,2,,,,,,,,,,,,,,,,,,2,,,,,,,1,2,,,3,,,,,,,,,,,,,,,,,,,,,,,,,,,,,,,,,,,,,,,4,,,,,6,,,,,,,,1,,,,,,6,1,,,,,,,
K 2.4,Sie legt viel wert auf Höflich- und Pünktlichkeit.,,,,,,,,7,,,,,,,,,,,,,,,,,,,,,,,,,,,,,,,,,,,1,,,,,,,,,,,,,,,,,,,,6,,,,,,,,,,5,,,,2,,,,5,,,,,,,,,,,,,,,,,,,,,,,,,,,,,,,,,,,,,,,,,,,,,,,,,,3,,,,,,,,,,,,,,,,,,,,,,,,,,,,,,,,,,,,,,,,3,7,6
K 2.4,Sie legt viel wert auf Höflich- und Pünktlichkeit.,,,,,,,,,,,,7,,,,,,,,,,,4,,,,,1,,,,,,,,,,,,,,,,,,,,,,,,,3,,6,,,,6,,,,,,,,,3,,,,,,,,,,,,,,,,,,,,,2,,,,,,,,,,,,,,,,,,,2,,,,6,,,,,,,,1,,,,,,,6,,,4,,,,,,,,,,,,,,,,,,,,,,,,2,,,,,,,3,6,,,,,,,,,,,
K 2.5,Die Richtig- und Wichtigkeit der Erkenntnisse kann nicht oft genug betont werden.,,,,,,,,,,,,,,,,,,,,,,,,,,,,,,,,4,,,,,,,,,,,,,,5,,,,,,,,,,,,,,,,,,,,,,,,,,,,,,,,,,,,,,,,,,,,,,7,,,,,,5,,,,,,,,,,,,,,,,,,,,,,,,,,,,,,,,,,,,,1,,,,1,,,,,,,,,,,,,6,3,,,,,,,,,,,3,,,,,,4,,,
K 2.6,Er ist immer wieder in finanzielle Schwierig- und Abhängigkeiten geraten.,,,,,7,,,,7,,,,,,,,,4,,,,,,,4,,,,,,,,,,,,,,,,,,,,,,,3,,,1,,,,,,,4,,,,,,,,,5,,,,,,,,,,,,4,,,,1,,,,,,,,,,,4,,,2,,,,,,,,,,,,,,,,,,,,2,,,,,4,,5,,,,,,,,,,,,,2,,,,,,,,,,,,,,,,,,,,,2,,,,,,,,,,,,,,,
K 2.7,Die Zeit danach war von Einsam- und Traurigkeit geprägt.,3,,,,,,,,,,,,,,,,,,,,,,,,,2,,,,,4,,,,6,5,,,,6,,,,5,,,2,,,,,,,,,,,,,,,,,,,,,,,,,,,,,,,,,,,,,,,,,,,,,,5,,,,,,,,,,,,,,,,,,,,,4,1,,,,,,7,,,,1,,,,,,,,,5,,,,,,,,,,,,,,,,,,,,,,3,,,,1,,,,,,,,,2,,,,
K 2.8,Die Ehrlich- und Freundlichkeit ihrer Worte war rührend.,,,,,,,,,,,,,,,,,,,,,,,,4,,,,,1,,,,,,,,,6,6,,,,,,,,,,,,,,,,,,,,,,,,,,,,,,,,,3,,,7,,,,,,,2,,,,,,,,,,,,,,,,,3,,,,,,,,,,,,,,6,,,,,,,,,,,,,,,,7,,,,,,,,,,,5,,,,,,,,,,,,,,,,,,,,,,,,,,,,,,,,,
K 2'.1,Das Hotel erfüllte ihre Erwartungen und überzeugte vor allem durch Gemütlich- und Sauberkeit.,,,,,,,,7,,,,,,,,,,,,,,,,,,,,,,,,,,,,,,,,,,,7,,,,,,,,,,,,,,,,,,,,6,,,,,,,,,,5,,,,2,,,,6,,,,,,,,,,,,,,,,,,,,,,,,,,,,,,,,,,,,,,,,,,,,,,,,,,6,,,,,,,,,,,,,,,,,,,,,,,,,,,,,,,,,,,,,,,,5,6,3
K 2'.1,Das Hotel erfüllte ihre Erwartungen und überzeugte vor allem durch Gemütlich- und Sauberkeit.,,,,,,,,,,,,,,,,,,,,,,,,5,,,,,2,,,,,,,,,7,5,,,,,,,,,,,,,,,,,,,,,,,,,,,,,,,,,4,,,7,,,,,,,4,,,,,,,,,,,,,,,,,3,,,,,,,,,,,,,,3,,,,,,,,,,,,,,,,7,,,,,,,,,,,2,,,,,,,,,,,,,,,,,,,,,,,,,,,,,,,,,
K 2'.2,Fachleute waren sich uneinig über die Wahrscheinlich- und Möglichkeit eines Wahlsieges.,,,,,,,,,,,,,,1,,,,,,3,,,,,,,,,,,,,,,,,1,,,,4,,,,,,,,,,,,,,,,,,,,,,,,,,,,,,,,,,,,,,,,,,,,,,,,,3,,,,,2,,,,,,,,,,,,,,1,,,,,,,,,,,,,,,,,3,,,,,,,,,,1,,,,,,4,,,,,,2,,,,,,,,,,,,,,,,,,,,,,,,,
K 2'.2,Fachleute waren sich uneinig über die Wahrscheinlich- und Möglichkeit eines Wahlsieges.,,,5,,,,5,,,,,,,,5,,,,,,,,,,,,,,,,,,,6,,,,,,,,3,,,,,,,2,,,,,,,,,,,,,,,,3,,,,,,,,,,,,,,,,,,,,,,2,,,,,,,,,,,,,,,,,,,2,,,,,,,,,,,,,,,,,,,,,,1,,,,,,,,,,,,,,,,,,,,,2,,,,,,,,1,,,,,,,,,,,,,,,,
K 2'.3,Den Redakteur würde ein Mangel an Aufrichtig- und Aufmerksamkeit am meisten stören.,,,,6,,3,,,,,5,,2,,,,,,,,5,1,,,,,,,,5,,,,,,,,,,,,,,,,,,,,,,,,,,,3,,,,,3,,,,,,,,3,,,,,,,,,,,,,,3,5,5,,1,,,,,,,,,,,,,,,,,5,,,,,2,,,,,,,,,,,,,,,,,,,,,,2,6,,,,,,,,,,2,,2,,,,,,,,,,6,,,,,,,,,,,,7,1,,,,,
K 2'.3,Den Redakteur würde ein Mangel an Aufrichtig- und Aufmerksamkeit am meisten stören.,,1,,,,,,,,,,,,,,,,,,,,,,,,,,,,,,,,,,,,,,,,,,,,,,,,3,,,,2,,,,,,3,,,,,,,,,,,,,,2,,,,,,,,,,,,,,,,,,,,,,,,,,,1,,,,,,,,,,,,,,,4,,,,,,,5,,,,,,,,,,,,,,,2,,,,,,,,,7,,,,,,,,,,,,,,,,,,,,,,,,,,
K 2'.4,Sie legt viel wert auf Pünktlich- und Höflichkeit.,,,,,,,,,,3,,,,,,,,,1,,,,,,,,,,,,,,,,,,,,,,,,,,6,,,,,,,,,,,,,,,,,,,,,,,,,,2,,,,,3,,,,2,,,,,,,,,,,5,,,,,,,,,1,,3,,,,,,,,,1,,,,,,,5,5,,,,,,,,,,,,,,,,,,,,,,4,,,2,,,,,,7,,,,,,,,,,,,,4,,,,,,,,,,
K 2'.4,Sie legt viel wert auf Pünktlich- und Höflichkeit.,,,,,,,,,,,,,,,,2,4,,,,,,,,,,6,,,,,,3,,,,,,,,,,,,,,,,,,,6,,,,7,,,,,5,,,3,,6,,,2,,,,,,,,,3,,,,,,,,,,,,,,,,,,2,,,,,,,1,3,,,5,,,,,,,,,,,,,,,,,,,,,,,,,,,,,,,,,,,,,,,5,,,,,6,,,,,,,,1,,,,,,6,5,,,,,,,
K 2'.5,Die Wichtig- und Richtigkeit der Erkenntnisse kann nicht oft genug betont werden.,,,,,,,,,,,,6,,,,,,,,,,,6,,,,,4,,,,,,,,,,,,,,,,,,,,,,,,,6,,5,,,,5,,,,,,,,,7,,,,,,,,,,,,,,,,,,,,,2,,,,,,,,,,,,,,,,,,,4,,,,5,,,,,,,,3,,,,,,,6,,,6,,,,,,,,,,,,,,,,,,,,,,,,6,,,,,,,3,7,,,,,,,,,,,
K 2'.6,Er ist immer wieder in finanzielle Abhängig- und Schwierigkeiten geraten.,,,,,,,,,,,,,,,,,,,,,,,,,,,,,,,,1,,,,,,,,,,,,,,3,,,,,,,,,,,,,,,,,,,,,,,,,,,,,,,,,,,,,,,,,,,,,,2,,,,,,1,,,,,,,,,,,,,,,,,,,,,,,,,,,,,,,,,,,,,1,,,,1,,,,,,,,,,,,,6,2,,,,,,,,,,,7,,,,,,3,,,
K 2'.7,Die Zeit danach war von Traurig- und Einsamkeit geprägt.,,,,,3,,,,7,,,,,,,,,5,,,,,,,1,,,,,,,,,,,,,,,,,,,,,,,2,,,1,,,,,,,,,,,,,,,,2,,,,,,,,,,,,2,,,,1,,,,,,,,,,,3,,,2,,,,,,,,,,,,,,,,,,,,4,,,,,1,,3,,,,,,,,,,,,,2,,,,,,,,,,,,,,,,,,,,,2,,,,,,,,,,,,,,,
K 2'.8,Die Freundlich- und Ehrlichkeit ihrer Worte war rührend.,4,,,,,,,,,,,,,,,,,,,,,,,,,1,,,,,6,,,,7,4,,,,3,,,,5,,,2,,,,,,,,,,,,,,,,,,,,,,,,,,,,,,,,,,,,,,,,,,,,,,2,,,,,,,,,,,,,,,,,,,,,1,1,,,,,,,,,,5,,,,,,,,,5,,,,,,,,,,,,,,,,,,,,,,2,,,,7,,,,,,,,,6,,,,
K 5.1,Der Autounfall ist auf Fahrlässig- und Unzurechnungsfähigkeit zurückzuführen.,,,,,,,,,,3,,,,,,,,,3,,,,,,,,,,,,,,,,,,,,,,,,,,5,,,,,,,,,,,,,,,,,,,,,,,,,,4,,,,,5,,,,2,,,,,,,,,,,2,,,,,,,,,1,,6,,,,,,,,,2,,,,,,,3,5,,,,,,,,,,,,,,,,,,,,,,1,,,1,,,,,,7,,,,,,,,,,,,,7,,,,,,,,,,
K 5.1,Der Autounfall ist auf Fahrlässig- und Unzurechnungsfähigkeit zurückzuführen.,5,,,,,,,,,,,,,,,,,,,,,,,,,5,,,,,7,,,,4,2,,,,4,,,,3,,,4,,,,,,,,,,,,,,,,,,,,,,,,,,,,,,,,,,,,,,,,,,,,,,5,,,,,,,,,,,,,,,,,,,,,1,4,,,,,,2,,,,4,,,,,,,,,3,,,,,,,,,,,,,,,,,,,,,,1,,,,3,,,,,,,,,3,,,,
K 5.2,Jede Zeit kommt mit einer eigenen Idee von Männlich- und Weiblichkeit.,,,,,,,,,,,,,,,,,,,,,,,,6,,,,,2,,,,,,,,,6,7,,,,,,,,,,,,,,,,,,,,,,,,,,,,,,,,,3,,,7,,,,,,,5,,,,,,,,,,,,,,,,,7,,,,,,,,,,,,,,6,,,,,,,,,,,,,,,,7,,,,,,,,,,,4,,,,,,,,,,,,,,,,,,,,,,,,,,,,,,,,,
K 5.2,Jede Zeit kommt mit einer eigenen Idee von Männlich- und Weiblichkeit.,,,,,,,,,,,,1,,,,,,,,,,,6,,,,,5,,,,,,,,,,,,,,,,,,,,,,,,,7,,5,,,,3,,,,,,,,,6,,,,,,,,,,,,,,,,,,,,,1,,,,,,,,,,,,,,,,,,,4,,,,7,,,,,,,,1,,,,,,,6,,,5,,,,,,,,,,,,,,,,,,,,,,,,6,,,,,,,3,7,,,,,,,,,,,
K 5.3,Die Erkenntnis über seine Eitel- und Gleichgültigkeit kam aber zu spät.,,,6,,,,6,,,,,,,,7,,,,,,,,,,,,,,,,,,,6,,,,,,,,1,,,,,,,7,,,,,,,,,,,,,,,,3,,,,,,,,,,,,,,,,,,,,,,7,,,,,,,,,,,,,,,,,,,2,,,,,,,,,,,,,,,,,,,,,,1,,,,,,,,,,,,,,,,,,,,,2,,,,,,,,5,,,,,,,,,,,,,,,,
K 5.3,Die Erkenntnis über seine Eitel- und Gleichgültigkeit kam aber zu spät.,,,,,,,,,,,,,,,,,,,,,,,,,,,,,,,,2,,,,,,,,,,,,,,4,,,,,,,,,,,,,,,,,,,,,,,,,,,,,,,,,,,,,,,,,,,,,,6,,,,,,3,,,,,,,,,,,,,,,,,,,,,,,,,,,,,,,,,,,,,1,,,,1,,,,,,,,,,,,,7,2,,,,,,,,,,,6,,,,,,1,,,
K 5.4,Das ist seine Art von Öffentlich- und Wohltätigkeit.,,2,,,,,,,,,,,,,,,,,,,,,,,,,,,,,,,,,,,,,,,,,,,,,,,,3,,,,4,,,,,,2,,,,,,,,,,,,,,3,,,,,,,,,,,,,,,,,,,,,,,,,,,1,,,,,,,,,,,,,,,6,,,,,,,5,,,,,,,,,,,,,,,1,,,,,,,,,7,,,,,,,,,,,,,,,,,,,,,,,,,,
K 5.4,Das ist seine Art von Öffentlich- und Wohltätigkeit.,,,,,5,,,,4,,,,,,,,,3,,,,,,,1,,,,,,,,,,,,,,,,,,,,,,,7,,,2,,,,,,,4,,,,,,,,,3,,,,,,,,,,,,2,,,,1,,,,,,,,,,,1,,,2,,,,,,,,,,,,,,,,,,,,3,,,,,2,,3,,,,,,,,,,,,,3,,,,,,,,,,,,,,,,,,,,,2,,,,,,,,,,,,,,,
K 5.5,Das Weihnachtsfest umgibt eine Atmosphäre von Heilig- und Seligkeit.,,,,,,,,,,,,,,,,4,4,,,,,,,,,,5,,,,,,4,,,,,,,,,,,,,,,,,,,6,,,,7,,,,,5,,,5,,7,,,3,,,,,,,,,3,,,,,,,,,,,,,,,,,,4,,,,,,,1,7,,,4,,,,,,,,,,,,,,,,,,,,,,,,,,,,,,,,,,,,,,,2,,,,,6,,,,,,,,5,,,,,,3,2,,,,,,,
K 5.6,Die Ordensleute erzählen immer von Momenten der Glückselig- und Barmherzigkeit.,,,,,,,,7,,,,,,,,,,,,,,,,,,,,,,,,,,,,,,,,,,,3,,,,,,,,,,,,,,,,,,,,4,,,,,,,,,,5,,,,6,,,,4,,,,,,,,,,,,,,,,,,,,,,,,,,,,,,,,,,,,,,,,,,,,,,,,,,4,,,,,,,,,,,,,,,,,,,,,,,,,,,,,,,,,,,,,,,,5,5,5
K 5.7,Die Feindselig- und Unfähigkeit der Angestellten ist aber alles andere als guter Service.,,,,,,,,,,,,,,1,,,,,,5,,,,,,,,,,,,,,,,,1,,,,5,,,,,,,,,,,,,,,,,,,,,,,,,,,,,,,,,,,,,,,,,,,,,,,,,2,,,,,2,,,,,,,,,,,,,,1,,,,,,,,,,,,,,,,,1,,,,,,,,,,1,,,,,,2,,,,,,1,,,,,,,,,,,,,,,,,,,,,,,,,
K 5.8,Für eine Sekunde war der Zauber von Unsterblich- und Unendlichkeit zu spüren.,,,,4,,2,,,,,5,,3,,,,,,,,5,5,,,,,,,,6,,,,,,,,,,,,,,,,,,,,,,,,,,,6,,,,,3,,,,,,,,5,,,,,,,,,,,,,,5,3,7,,1,,,,,,,,,,,,,,,,,7,,,,,2,,,,,,,,,,,,,,,,,,,,,,1,7,,,,,,,,,,5,,6,,,,,,,,,,6,,,,,,,,,,,,5,7,,,,,
K 5'.1,Der Autounfall ist auf Unzurechnungsfähig- und Fahrlässigkeit zurückzuführen.,,,,3,,3,,,,,5,,1,,,,,,,,3,2,,,,,,,,3,,,,,,,,,,,,,,,,,,,,,,,,,,,2,,,,,3,,,,,,,,2,,,,,,,,,,,,,,5,2,4,,2,,,,,,,,,,,,,,,,,6,,,,,1,,,,,,,,,,,,,,,,,,,,,,1,6,,,,,,,,,,2,,6,,,,,,,,,,5,,,,,,,,,,,,4,6,,,,,
K 5'.1,Der Autounfall ist auf Unzurechnungsfähig- und Fahrlässigkeit zurückzuführen.,,,,,6,,,,6,,,,,,,,,4,,,,,,,1,,,,,,,,,,,,,,,,,,,,,,,5,,,2,,,,,,,1,,,,,,,,,6,,,,,,,,,,,,1,,,,6,,,,,,,,,,,2,,,7,,,,,,,,,,,,,,,,,,,,7,,,,,2,,3,,,,,,,,,,,,,4,,,,,,,,,,,,,,,,,,,,,3,,,,,,,,,,,,,,,
K 5'.2,Jede Zeit kommt mit einer eigenen Idee von Weiblich- und Männlichkeit.,,,,,,,,,,3,,,,,,,,,4,,,,,,,,,,,,,,,,,,,,,,,,,,6,,,,,,,,,,,,,,,,,,,,,,,,,,5,,,,,5,,,,5,,,,,,,,,,,5,,,,,,,,,1,,2,,,,,,,,,4,,,,,,,7,7,,,,,,,,,,,,,,,,,,,,,,4,,,5,,,,,,7,,,,,,,,,,,,,7,,,,,,,,,,
K 5'.2,Jede Zeit kommt mit einer eigenen Idee von Weiblich- und Männlichkeit.,5,,,,,,,,,,,,,,,,,,,,,,,,,6,,,,,4,,,,6,6,,,,4,,,,5,,,5,,,,,,,,,,,,,,,,,,,,,,,,,,,,,,,,,,,,,,,,,,,,,,7,,,,,,,,,,,,,,,,,,,,,2,1,,,,,,7,,,,5,,,,,,,,,3,,,,,,,,,,,,,,,,,,,,,,2,,,,1,,,,,,,,,5,,,,
K 5'.3,Die Erkenntnis über seine Gleichgültig- und Eitelkeit kam aber zu spät.,,,,,,,,,,,,,,,,,,,,,,,,4,,,,,2,,,,,,,,,5,5,,,,,,,,,,,,,,,,,,,,,,,,,,,,,,,,,3,,,7,,,,,,,3,,,,,,,,,,,,,,,,,6,,,,,,,,,,,,,,7,,,,,,,,,,,,,,,,5,,,,,,,,,,,3,,,,,,,,,,,,,,,,,,,,,,,,,,,,,,,,,
K 5'.3,Die Erkenntnis über seine Gleichgültig- und Eitelkeit kam aber zu spät.,,,,,,,,,,,,1,,,,,,,,,,,4,,,,,5,,,,,,,,,,,,,,,,,,,,,,,,,2,,4,,,,1,,,,,,,,,2,,,,,,,,,,,,,,,,,,,,,1,,,,,,,,,,,,,,,,,,,2,,,,2,,,,,,,,1,,,,,,,7,,,1,,,,,,,,,,,,,,,,,,,,,,,,2,,,,,,,3,1,,,,,,,,,,,
K 5'.4,Das ist seine Art von Wohltätig- und Öffentlichkeit.,,,4,,,,4,,,,,,,,4,,,,,,,,,,,,,,,,,,,6,,,,,,,,1,,,,,,,2,,,,,,,,,,,,,,,,3,,,,,,,,,,,,,,,,,,,,,,4,,,,,,,,,,,,,,,,,,,2,,,,,,,,,,,,,,,,,,,,,,1,,,,,,,,,,,,,,,,,,,,,6,,,,,,,,1,,,,,,,,,,,,,,,,
K 5'.4,Das ist seine Art von Wohltätig- und Öffentlichkeit.,,,,,,,,,,,,,,,,,,,,,,,,,,,,,,,,1,,,,,,,,,,,,,,1,,,,,,,,,,,,,,,,,,,,,,,,,,,,,,,,,,,,,,,,,,,,,,5,,,,,,1,,,,,,,,,,,,,,,,,,,,,,,,,,,,,,,,,,,,,1,,,,1,,,,,,,,,,,,,2,1,,,,,,,,,,,6,,,,,,1,,,
K 5'.5,Das Weihnachtsfest bedeutet für viele eine Atmosphäre von Selig- und Heiligkeit.,,6,,,,,,,,,,,,,,,,,,,,,,,,,,,,,,,,,,,,,,,,,,,,,,,,3,,,,4,,,,,,3,,,,,,,,,,,,,,4,,,,,,,,,,,,,,,,,,,,,,,,,,,1,,,,,,,,,,,,,,,6,,,,,,,5,,,,,,,,,,,,,,,4,,,,,,,,,5,,,,,,,,,,,,,,,,,,,,,,,,,,
K 5'.6,Die Ordensleute erzählen immer von Momenten der Barmherzig- und Glückseligkeit.,,,,,,,,,,,,,,,,5,6,,,,,,,,,,7,,,,,,5,,,,,,,,,,,,,,,,,,,7,,,,7,,,,,5,,,5,,7,,,3,,,,,,,,,4,,,,,,,,,,,,,,,,,,3,,,,,,,1,5,,,5,,,,,,,,,,,,,,,,,,,,,,,,,,,,,,,,,,,,,,,6,,,,,4,,,,,,,,3,,,,,,5,6,,,,,,,
K 5'.7,Die Unfähig- und Feindseligkeit der Angestellten ist alles andere als guter Service.,,,,,,,,3,,,,,,,,,,,,,,,,,,,,,,,,,,,,,,,,,,,2,,,,,,,,,,,,,,,,,,,,3,,,,,,,,,,3,,,,6,,,,1,,,,,,,,,,,,,,,,,,,,,,,,,,,,,,,,,,,,,,,,,,,,,,,,,,1,,,,,,,,,,,,,,,,,,,,,,,,,,,,,,,,,,,,,,,,5,4,4
K 5'.8,Für eine Sekunde war der Zauber von Unendlich- und Unsterblichkeit zu spüren.,,,,,,,,,,,,,,7,,,,,,7,,,,,,,,,,,,,,,,,3,,,,5,,,,,,,,,,,,,,,,,,,,,,,,,,,,,,,,,,,,,,,,,,,,,,,,,3,,,,,3,,,,,,,,,,,,,,6,,,,,,,,,,,,,,,,,7,,,,,,,,,,1,,,,,,6,,,,,,2,,,,,,,,,,,,,,,,,,,,,,,,,
L 2.1,Die Probleme sind vor allem zeit- und rechtlicher Natur.,,,,,,,,,,,,,,3,,,,,,2,,,,,,,,,,,,,,,,,1,,,,7,,,,,,,,,,,,,,,,,,,,,,,,,,,,,,,,,,,,,,,,,,,,,,,,,6,,,,,3,,,,,,,,,,,,,,2,,,,,,,,,,,,,,,,,3,,,,,,,,,,2,,,,,,2,,,,,,2,,,,,,,,,,,,,,,,,,,,,,,,,
L 2.1,Die Probleme sind vor allem zeit- und rechtlicher Natur.,,,7,,,,5,,,,,,,,7,,,,,,,,,,,,,,,,,,,6,,,,,,,,3,,,,,,,7,,,,,,,,,,,,,,,,4,,,,,,,,,,,,,,,,,,,,,,7,,,,,,,,,,,,,,,,,,,2,,,,,,,,,,,,,,,,,,,,,,1,,,,,,,,,,,,,,,,,,,,,4,,,,,,,,1,,,,,,,,,,,,,,,,
L 2.2,Die Landschaft dort ist fried- und herrlich.,,,,6,,4,,,,,3,,1,,,,,,,,2,1,,,,,,,,4,,,,,,,,,,,,,,,,,,,,,,,,,,,2,,,,,5,,,,,,,,2,,,,,,,,,,,,,,3,4,4,,1,,,,,,,,,,,,,,,,,3,,,,,1,,,,,,,,,,,,,,,,,,,,,,2,2,,,,,,,,,,2,,5,,,,,,,,,,1,,,,,,,,,,,,2,3,,,,,
L 2.2,Die Landschaft dort ist fried- und herrlich.,,2,,,,,,,,,,,,,,,,,,,,,,,,,,,,,,,,,,,,,,,,,,,,,,,,3,,,,2,,,,,,2,,,,,,,,,,,,,,2,,,,,,,,,,,,,,,,,,,,,,,,,,,1,,,,,,,,,,,,,,,3,,,,,,,4,,,,,,,,,,,,,,,1,,,,,,,,,5,,,,,,,,,,,,,,,,,,,,,,,,,,
L 2.3,Das Lachen ist kind- und herzlich.,,,,,,,,,,3,,,,,,,,,1,,,,,,,,,,,,,,,,,,,,,,,,,,7,,,,,,,,,,,,,,,,,,,,,,,,,,3,,,,,2,,,,3,,,,,,,,,,,2,,,,,,,,,1,,2,,,,,,,,,2,,,,,,,1,3,,,,,,,,,,,,,,,,,,,,,,7,,,6,,,,,,7,,,,,,,,,,,,,1,,,,,,,,,,
L 2.3,Das Lachen ist kind- und herzlich.,,,,,,,,,,,,,,,,2,2,,,,,,,,,,4,,,,,,4,,,,,,,,,,,,,,,,,,,5,,,,5,,,,,5,,,2,,2,,,1,,,,,,,,,2,,,,,,,,,,,,,,,,,,2,,,,,,,1,2,,,1,,,,,,,,,,,,,,,,,,,,,,,,,,,,,,,,,,,,,,,6,,,,,6,,,,,,,,1,,,,,,6,4,,,,,,,
L 2.4,Ihre Beziehung ist immer noch leidenschaft- und glücklich.,,,,,,,,2,,,,,,,,,,,,,,,,,,,,,,,,,,,,,,,,,,,1,,,,,,,,,,,,,,,,,,,,5,,,,,,,,,,3,,,,2,,,,5,,,,,,,,,,,,,,,,,,,,,,,,,,,,,,,,,,,,,,,,,,,,,,,,,,4,,,,,,,,,,,,,,,,,,,,,,,,,,,,,,,,,,,,,,,,3,2,1
L 2.4,Ihre Beziehung ist immer noch leidenschaft- und glücklich.,,,,,,,,,,,,7,,,,,,,,,,,2,,,,,1,,,,,,,,,,,,,,,,,,,,,,,,,3,,4,,,,5,,,,,,,,,4,,,,,,,,,,,,,,,,,,,,,5,,,,,,,,,,,,,,,,,,,2,,,,2,,,,,,,,1,,,,,,,5,,,1,,,,,,,,,,,,,,,,,,,,,,,,2,,,,,,,2,1,,,,,,,,,,,
L 2.5,Der Schraubenzieher ist dünn- und handlich.,,,,,,,,,,,,,,,,,,,,,,,,,,,,,,,,1,,,,,,,,,,,,,,2,,,,,,,,,,,,,,,,,,,,,,,,,,,,,,,,,,,,,,,,,,,,,,6,,,,,,4,,,,,,,,,,,,,,,,,,,,,,,,,,,,,,,,,,,,,7,,,,7,,,,,,,,,,,,,4,4,,,,,,,,,,,5,,,,,,1,,,
L 2.6,Die Passkontrolle am Flughafen ist üb- und polizeilich.,,,,,1,,,,1,,,,,,,,,1,,,,,,,1,,,,,,,,,,,,,,,,,,,,,,,5,,,1,,,,,,,,,,,,,,,,3,,,,,,,,,,,,1,,,,1,,,,,,,,,,,1,,,2,,,,,,,,,,,,,,,,,,,,1,,,,,1,,1,,,,,,,,,,,,,1,,,,,,,,,,,,,,,,,,,,,1,,,,,,,,,,,,,,,
L 2.7,Der Chef war beruf- und dienstlich in Singapur.,3,,,,,,,,,,,,,,,,,,,,,,,,,1,,,,,3,,,,6,3,,,,4,,,,2,,,1,,,,,,,,,,,,,,,,,,,,,,,,,,,,,,,,,,,,,,,,,,,,,,1,,,,,,,,,,,,,,,,,,,,,2,1,,,,,,1,,,,5,,,,,,,,,4,,,,,,,,,,,,,,,,,,,,,,1,,,,4,,,,,,,,,2,,,,
L 2.8,Das war absicht- und sicherlich der Nachbar.,,,,,,,,,,,,,,,,,,,,,,,,5,,,,,1,,,,,,,,,5,1,,,,,,,,,,,,,,,,,,,,,,,,,,,,,,,,,2,,,1,,,,,,,3,,,,,,,,,,,,,,,,,1,,,,,,,,,,,,,,4,,,,,,,,,,,,,,,,1,,,,,,,,,,,4,,,,,,,,,,,,,,,,,,,,,,,,,,,,,,,,,
L 2'.1,Die Probleme sind vor allem recht- und zeitlicher Natur.,,,,,,,,3,,,,,,,,,,,,,,,,,,,,,,,,,,,,,,,,,,,2,,,,,,,,,,,,,,,,,,,,5,,,,,,,,,,1,,,,6,,,,1,,,,,,,,,,,,,,,,,,,,,,,,,,,,,,,,,,,,,,,,,,,,,,,,,,5,,,,,,,,,,,,,,,,,,,,,,,,,,,,,,,,,,,,,,,,5,4,6
L 2'.1,Die Probleme sind vor allem recht- und zeitlicher Natur.,,,,,,,,,,,,,,,,,,,,,,,,5,,,,,3,,,,,,,,,7,4,,,,,,,,,,,,,,,,,,,,,,,,,,,,,,,,,4,,,1,,,,,,,3,,,,,,,,,,,,,,,,,3,,,,,,,,,,,,,,5,,,,,,,,,,,,,,,,3,,,,,,,,,,,5,,,,,,,,,,,,,,,,,,,,,,,,,,,,,,,,,
L 2'.2,Die Landschaft dort ist herr- und friedlich.,,,,,,,,,,,,,,3,,,,,,2,,,,,,,,,,,,,,,,,1,,,,1,,,,,,,,,,,,,,,,,,,,,,,,,,,,,,,,,,,,,,,,,,,,,,,,,2,,,,,1,,,,,,,,,,,,,,1,,,,,,,,,,,,,,,,,1,,,,,,,,,,1,,,,,,6,,,,,,2,,,,,,,,,,,,,,,,,,,,,,,,,
L 2'.2,Die Landschaft dort ist herr- und friedlich.,,,3,,,,2,,,,,,,,3,,,,,,,,,,,,,,,,,,,2,,,,,,,,2,,,,,,,1,,,,,,,,,,,,,,,,1,,,,,,,,,,,,,,,,,,,,,,1,,,,,,,,,,,,,,,,,,,1,,,,,,,,,,,,,,,,,,,,,,1,,,,,,,,,,,,,,,,,,,,,2,,,,,,,,1,,,,,,,,,,,,,,,,
L 2'.3,Das Lachen ist herz- und kindlich.,,,,7,,2,,,,,3,,1,,,,,,,,3,3,,,,,,,,3,,,,,,,,,,,,,,,,,,,,,,,,,,,2,,,,,5,,,,,,,,3,,,,,,,,,,,,,,2,5,4,,1,,,,,,,,,,,,,,,,,4,,,,,1,,,,,,,,,,,,,,,,,,,,,,2,5,,,,,,,,,,1,,6,,,,,,,,,,1,,,,,,,,,,,,2,7,,,,,
L 2'.3,Das Lachen ist herz- und kindlich.,,2,,,,,,,,,,,,,,,,,,,,,,,,,,,,,,,,,,,,,,,,,,,,,,,,3,,,,3,,,,,,1,,,,,,,,,,,,,,4,,,,,,,,,,,,,,,,,,,,,,,,,,,1,,,,,,,,,,,,,,,1,,,,,,,5,,,,,,,,,,,,,,,1,,,,,,,,,7,,,,,,,,,,,,,,,,,,,,,,,,,,
L 2'.4,Ihre Beziehung ist immer noch glück- und leidenschaftlich.,,,,,,,,,,3,,,,,,,,,2,,,,,,,,,,,,,,,,,,,,,,,,,,4,,,,,,,,,,,,,,,,,,,,,,,,,,2,,,,,1,,,,2,,,,,,,,,,,2,,,,,,,,,1,,6,,,,,,,,,1,,,,,,,2,3,,,,,,,,,,,,,,,,,,,,,,7,,,6,,,,,,7,,,,,,,,,,,,,2,,,,,,,,,,
L 2'.4,Ihre Beziehung ist immer noch glück- und leidenschaftlich.,,,,,,,,,,,,,,,,1,3,,,,,,,,,,5,,,,,,2,,,,,,,,,,,,,,,,,,,2,,,,6,,,,,7,,,2,,1,,,1,,,,,,,,,2,,,,,,,,,,,,,,,,,,1,,,,,,,1,3,,,1,,,,,,,,,,,,,,,,,,,,,,,,,,,,,,,,,,,,,,,6,,,,,6,,,,,,,,1,,,,,,5,1,,,,,,,
L 2'.5,Der Schraubenzieher ist hand- und dünnlich.,,,,,,,,,,,,7,,,,,,,,,,,2,,,,,1,,,,,,,,,,,,,,,,,,,,,,,,,2,,3,,,,2,,,,,,,,,3,,,,,,,,,,,,,,,,,,,,,3,,,,,,,,,,,,,,,,,,,2,,,,2,,,,,,,,1,,,,,,,2,,,1,,,,,,,,,,,,,,,,,,,,,,,,2,,,,,,,1,1,,,,,,,,,,,
L 2'.6,Die Passkontrolle am Flughafen ist polizei- und üblich.,,,,,,,,,,,,,,,,,,,,,,,,,,,,,,,,1,,,,,,,,,,,,,,1,,,,,,,,,,,,,,,,,,,,,,,,,,,,,,,,,,,,,,,,,,,,,,1,,,,,,1,,,,,,,,,,,,,,,,,,,,,,,,,,,,,,,,,,,,,1,,,,1,,,,,,,,,,,,,1,1,,,,,,,,,,,2,,,,,,1,,,
L 2'.7,Der Chef war dienst- und beruflich in Singapur.,,,,,3,,,,6,,,,,,,,,2,,,,,,,1,,,,,,,,,,,,,,,,,,,,,,,4,,,1,,,,,,,2,,,,,,,,,3,,,,,,,,,,,,2,,,,2,,,,,,,,,,,3,,,2,,,,,,,,,,,,,,,,,,,,1,,,,,3,,2,,,,,,,,,,,,,1,,,,,,,,,,,,,,,,,,,,,2,,,,,,,,,,,,,,,
L 2'.8,Das war sicher- und absichtlich der Nachbar.,2,,,,,,,,,,,,,,,,,,,,,,,,,1,,,,,2,,,,2,2,,,,2,,,,1,,,1,,,,,,,,,,,,,,,,,,,,,,,,,,,,,,,,,,,,,,,,,,,,,,1,,,,,,,,,,,,,,,,,,,,,1,1,,,,,,3,,,,1,,,,,,,,,5,,,,,,,,,,,,,,,,,,,,,,1,,,,1,,,,,,,,,1,,,,
L 5.1,Die Neuigkeiten sind für sie gleichzeitig erfreu- und bedrohlich.,,,,,,,,,,3,,,,,,,,,1,,,,,,,,,,,,,,,,,,,,,,,,,,2,,,,,,,,,,,,,,,,,,,,,,,,,,3,,,,,2,,,,3,,,,,,,,,,,2,,,,,,,,,1,,6,,,,,,,,,1,,,,,,,4,5,,,,,,,,,,,,,,,,,,,,,,4,,,6,,,,,,2,,,,,,,,,,,,,4,,,,,,,,,,
L 5.1,Die Neuigkeiten sind für sie gleichzeitig erfreu- und bedrohlich.,1,,,,,,,,,,,,,,,,,,,,,,,,,3,,,,,4,,,,5,5,,,,3,,,,3,,,2,,,,,,,,,,,,,,,,,,,,,,,,,,,,,,,,,,,,,,,,,,,,,,1,,,,,,,,,,,,,,,,,,,,,3,2,,,,,,5,,,,5,,,,,,,,,4,,,,,,,,,,,,,,,,,,,,,,1,,,,1,,,,,,,,,2,,,,
L 5.2,Seine Antwort war ehr- und erstaunlich.,,,,,,,,,,,,,,,,,,,,,,,,2,,,,,1,,,,,,,,,2,1,,,,,,,,,,,,,,,,,,,,,,,,,,,,,,,,,1,,,2,,,,,,,1,,,,,,,,,,,,,,,,,4,,,,,,,,,,,,,,6,,,,,,,,,,,,,,,,1,,,,,,,,,,,3,,,,,,,,,,,,,,,,,,,,,,,,,,,,,,,,,
L 5.2,Seine Antwort war ehr- und erstaunlich.,,,,,,,,,,,,1,,,,,,,,,,,2,,,,,1,,,,,,,,,,,,,,,,,,,,,,,,,1,,1,,,,2,,,,,,,,,2,,,,,,,,,,,,,,,,,,,,,1,,,,,,,,,,,,,,,,,,,1,,,,1,,,,,,,,1,,,,,,,6,,,1,,,,,,,,,,,,,,,,,,,,,,,,2,,,,,,,1,1,,,,,,,,,,,
L 5.3,weil er nied- und behilflich ist.,,,2,,,,3,,,,,,,,3,,,,,,,,,,,,,,,,,,,1,,,,,,,,2,,,,,,,2,,,,,,,,,,,,,,,,2,,,,,,,,,,,,,,,,,,,,,,1,,,,,,,,,,,,,,,,,,,1,,,,,,,,,,,,,,,,,,,,,,1,,,,,,,,,,,,,,,,,,,,,2,,,,,,,,1,,,,,,,,,,,,,,,,
L 5.3,weil er nied- und behilflich ist.,,,,,,,,,,,,,,,,,,,,,,,,,,,,,,,,1,,,,,,,,,,,,,,3,,,,,,,,,,,,,,,,,,,,,,,,,,,,,,,,,,,,,,,,,,,,,,1,,,,,,1,,,,,,,,,,,,,,,,,,,,,,,,,,,,,,,,,,,,,1,,,,1,,,,,,,,,,,,,5,2,,,,,,,,,,,4,,,,,,1,,,
L 5.4,Das war schließ- und augenblicklich das Ende.,,3,,,,,,,,,,,,,,,,,,,,,,,,,,,,,,,,,,,,,,,,,,,,,,,,3,,,,4,,,,,,1,,,,,,,,,,,,,,3,,,,,,,,,,,,,,,,,,,,,,,,,,,1,,,,,,,,,,,,,,,5,,,,,,,5,,,,,,,,,,,,,,,3,,,,,,,,,6,,,,,,,,,,,,,,,,,,,,,,,,,,
L 5.4,Das war schließ- und augenblicklich das Ende.,,,,,3,,,,1,,,,,,,,,2,,,,,,,1,,,,,,,,,,,,,,,,,,,,,,,4,,,1,,,,,,,5,,,,,,,,,2,,,,,,,,,,,,1,,,,3,,,,,,,,,,,3,,,2,,,,,,,,,,,,,,,,,,,,1,,,,,1,,2,,,,,,,,,,,,,1,,,,,,,,,,,,,,,,,,,,,1,,,,,,,,,,,,,,,
L 5.5,Die Ergebnisse sind wissenschaft- und vertraulich.,,,,,,,,,,,,,,,,1,2,,,,,,,,,,3,,,,,,3,,,,,,,,,,,,,,,,,,,5,,,,4,,,,,2,,,5,,1,,,1,,,,,,,,,2,,,,,,,,,,,,,,,,,,2,,,,,,,1,1,,,1,,,,,,,,,,,,,,,,,,,,,,,,,,,,,,,,,,,,,,,2,,,,,6,,,,,,,,1,,,,,,3,1,,,,,,,
L 5.6,Am Anfang hat der Wein abscheu- und widerlich geschmeckt.,,,,,,,,1,,,,,,,,,,,,,,,,,,,,,,,,,,,,,,,,,,,1,,,,,,,,,,,,,,,,,,,,2,,,,,,,,,,3,,,,6,,,,5,,,,,,,,,,,,,,,,,,,,,,,,,,,,,,,,,,,,,,,,,,,,,,,,,,2,,,,,,,,,,,,,,,,,,,,,,,,,,,,,,,,,,,,,,,,3,1,2
L 5.7,Wir verwenden ausschließ- und ausdrücklich regionale Zutaten.,,,,,,,,,,,,,,6,,,,,,2,,,,,,,,,,,,,,,,,1,,,,1,,,,,,,,,,,,,,,,,,,,,,,,,,,,,,,,,,,,,,,,,,,,,,,,,1,,,,,3,,,,,,,,,,,,,,1,,,,,,,,,,,,,,,,,6,,,,,,,,,,1,,,,,,6,,,,,,1,,,,,,,,,,,,,,,,,,,,,,,,,
L 5.8,Selbst für erfahrene Rettungskräfte war der Anblick entsetz- und sonderlich.,,,,3,,3,,,,,3,,1,,,,,,,,2,1,,,,,,,,2,,,,,,,,,,,,,,,,,,,,,,,,,,,3,,,,,5,,,,,,,,1,,,,,,,,,,,,,,3,2,3,,1,,,,,,,,,,,,,,,,,3,,,,,1,,,,,,,,,,,,,,,,,,,,,,1,5,,,,,,,,,,1,,7,,,,,,,,,,1,,,,,,,,,,,,2,2,,,,,
L 5'.1,Die Neuigkeiten sind für sie gleichzeitig bedroh- und erfreulich.,,,,2,,2,,,,,6,,3,,,,,,,,5,1,,,,,,,,2,,,,,,,,,,,,,,,,,,,,,,,,,,,3,,,,,7,,,,,,,,2,,,,,,,,,,,,,,4,4,6,,1,,,,,,,,,,,,,,,,,3,,,,,1,,,,,,,,,,,,,,,,,,,,,,1,2,,,,,,,,,,2,,2,,,,,,,,,,2,,,,,,,,,,,,3,3,,,,,
L 5'.1,Die Neuigkeiten sind für sie gleichzeitig bedroh- und erfreulich.,,,,,4,,,,7,,,,,,,,,2,,,,,,,1,,,,,,,,,,,,,,,,,,,,,,,4,,,1,,,,,,,2,,,,,,,,,7,,,,,,,,,,,,1,,,,2,,,,,,,,,,,2,,,2,,,,,,,,,,,,,,,,,,,,1,,,,,1,,2,,,,,,,,,,,,,1,,,,,,,,,,,,,,,,,,,,,2,,,,,,,,,,,,,,,
L 5'.2,Seine Antwort war erstaun- und ehrlich.,,,,,,,,,,3,,,,,,,,,1,,,,,,,,,,,,,,,,,,,,,,,,,,7,,,,,,,,,,,,,,,,,,,,,,,,,,1,,,,,2,,,,2,,,,,,,,,,,4,,,,,,,,,1,,2,,,,,,,,,1,,,,,,,1,1,,,,,,,,,,,,,,,,,,,,,,7,,,7,,,,,,7,,,,,,,,,,,,,2,,,,,,,,,,
L 5'.2,Seine Antwort war erstaun- und ehrlich.,1,,,,,,,,,,,,,,,,,,,,,,,,,3,,,,,2,,,,3,1,,,,5,,,,2,,,1,,,,,,,,,,,,,,,,,,,,,,,,,,,,,,,,,,,,,,,,,,,,,,1,,,,,,,,,,,,,,,,,,,,,2,1,,,,,,2,,,,2,,,,,,,,,3,,,,,,,,,,,,,,,,,,,,,,1,,,,7,,,,,,,,,2,,,,
L 5'.3,weil er behilf- und niedlich ist.,,,,,,,,,,,,,,,,,,,,,,,,3,,,,,1,,,,,,,,,2,2,,,,,,,,,,,,,,,,,,,,,,,,,,,,,,,,,3,,,2,,,,,,,1,,,,,,,,,,,,,,,,,3,,,,,,,,,,,,,,7,,,,,,,,,,,,,,,,1,,,,,,,,,,,3,,,,,,,,,,,,,,,,,,,,,,,,,,,,,,,,,
L 5'.3,weil er behilf- und niedlich ist.,,,,,,,,,,,,1,,,,,,,,,,,2,,,,,3,,,,,,,,,,,,,,,,,,,,,,,,,1,,4,,,,1,,,,,,,,,4,,,,,,,,,,,,,,,,,,,,,1,,,,,,,,,,,,,,,,,,,2,,,,3,,,,,,,,1,,,,,,,6,,,1,,,,,,,,,,,,,,,,,,,,,,,,2,,,,,,,1,1,,,,,,,,,,,
L 5'.4,Das war augenblick- und schließlich das Ende.,,,2,,,,3,,,,,,,,5,,,,,,,,,,,,,,,,,,,1,,,,,,,,3,,,,,,,3,,,,,,,,,,,,,,,,1,,,,,,,,,,,,,,,,,,,,,,2,,,,,,,,,,,,,,,,,,,1,,,,,,,,,,,,,,,,,,,,,,1,,,,,,,,,,,,,,,,,,,,,2,,,,,,,,1,,,,,,,,,,,,,,,,
L 5'.4,Das war augenblick- und schließlich das Ende.,,,,,,,,,,,,,,,,,,,,,,,,,,,,,,,,1,,,,,,,,,,,,,,1,,,,,,,,,,,,,,,,,,,,,,,,,,,,,,,,,,,,,,,,,,,,,,1,,,,,,1,,,,,,,,,,,,,,,,,,,,,,,,,,,,,,,,,,,,,1,,,,1,,,,,,,,,,,,,1,2,,,,,,,,,,,1,,,,,,1,,,
L 5'.5,Die Ergebnisse sind vertrau- und wissenschaftlich.,,1,,,,,,,,,,,,,,,,,,,,,,,,,,,,,,,,,,,,,,,,,,,,,,,,3,,,,1,,,,,,1,,,,,,,,,,,,,,2,,,,,,,,,,,,,,,,,,,,,,,,,,,1,,,,,,,,,,,,,,,1,,,,,,,1,,,,,,,,,,,,,,,1,,,,,,,,,3,,,,,,,,,,,,,,,,,,,,,,,,,,
L 5'.6,Am Anfang hat der Wein wider- und abscheulich geschmeckt.,,,,,,,,,,,,,,,,2,3,,,,,,,,,,4,,,,,,3,,,,,,,,,,,,,,,,,,,4,,,,3,,,,,2,,,4,,1,,,1,,,,,,,,,1,,,,,,,,,,,,,,,,,,2,,,,,,,1,2,,,1,,,,,,,,,,,,,,,,,,,,,,,,,,,,,,,,,,,,,,,2,,,,,1,,,,,,,,1,,,,,,2,1,,,,,,,
L 5'.7,Wir verwenden ausdrück- und ausschließlich regionale Zutaten.,,,,,,,,2,,,,,,,,,,,,,,,,,,,,,,,,,,,,,,,,,,,2,,,,,,,,,,,,,,,,,,,,5,,,,,,,,,,6,,,,5,,,,5,,,,,,,,,,,,,,,,,,,,,,,,,,,,,,,,,,,,,,,,,,,,,,,,,,6,,,,,,,,,,,,,,,,,,,,,,,,,,,,,,,,,,,,,,,,2,3,1
L 5'.8,Selbst für erfahrene Rettungskräfte war der Anblick sonder- und entsetzlich.,,,,,,,,,,,,,,1,,,,,,4,,,,,,,,,,,,,,,,,1,,,,1,,,,,,,,,,,,,,,,,,,,,,,,,,,,,,,,,,,,,,,,,,,,,,,,,1,,,,,1,,,,,,,,,,,,,,2,,,,,,,,,,,,,,,,,2,,,,,,,,,,1,,,,,,2,,,,,,1,,,,,,,,,,,,,,,,,,,,,,,,,
Mis 3.1,Die Geisterbahn ist voller Dunkel- und Grausamkeit.,,,,,,,,,,,,,,,,4,1,,,,,,,,,,6,,,,,,2,,,,,,,,,,,,,,,,,,,6,,,,4,,,,,1,,,1,,1,,,3,,,,,,,,,2,,,,,,,,,,,,,,,,,,2,,,,,,,1,4,,,1,,,,,,,,,,,,,,,,,,,,,,,,,,,,,,,,,,,,,,,2,,,,,2,,,,,,,,2,,,,,,1,1,,,,,,,
Mis 3.1,Die Geisterbahn ist voller Dunkel- und Grausamkeit.,4,,,,,,,,,,,,,,,,,,,,,,,,,5,,,,,2,,,,3,6,,,,5,,,,1,,,1,,,,,,,,,,,,,,,,,,,,,,,,,,,,,,,,,,,,,,,,,,,,,,4,,,,,,,,,,,,,,,,,,,,,3,2,,,,,,7,,,,5,,,,,,,,,5,,,,,,,,,,,,,,,,,,,,,,1,,,,3,,,,,,,,,1,,,,
Mis 3.2,Dafür sind Verbunden- und Großzügigkeit entscheidend.,,,,,,,,6,,,,,,,,,,,,,,,,,,,,,,,,,,,,,,,,,,,6,,,,,,,,,,,,,,,,,,,,6,,,,,,,,,,3,,,,6,,,,4,,,,,,,,,,,,,,,,,,,,,,,,,,,,,,,,,,,,,,,,,,,,,,,,,,5,,,,,,,,,,,,,,,,,,,,,,,,,,,,,,,,,,,,,,,,2,4,5
Mis 3.2,Dafür sind Verbunden- und Großzügigkeit entscheidend.,,,,,,,,,,,,,,,,,,,,,,,,3,,,,,2,,,,,,,,,6,4,,,,,,,,,,,,,,,,,,,,,,,,,,,,,,,,,3,,,7,,,,,,,3,,,,,,,,,,,,,,,,,1,,,,,,,,,,,,,,4,,,,,,,,,,,,,,,,1,,,,,,,,,,,6,,,,,,,,,,,,,,,,,,,,,,,,,,,,,,,,,
Mis 3.3,Das Verhalten ist an Gemein- und Hässlichkeit nicht zu übertreffen.,,,,,,,,,,,,,,6,,,,,,6,,,,,,,,,,,,,,,,,3,,,,1,,,,,,,,,,,,,,,,,,,,,,,,,,,,,,,,,,,,,,,,,,,,,,,,,2,,,,,3,,,,,,,,,,,,,,1,,,,,,,,,,,,,,,,,6,,,,,,,,,,1,,,,,,2,,,,,,2,,,,,,,,,,,,,,,,,,,,,,,,,
Mis 3.3,Das Verhalten ist an Gemein- und Hässlichkeit nicht zu übertreffen.,,,5,,,,5,,,,,,,,6,,,,,,,,,,,,,,,,,,,1,,,,,,,,4,,,,,,,5,,,,,,,,,,,,,,,,3,,,,,,,,,,,,,,,,,,,,,,3,,,,,,,,,,,,,,,,,,,1,,,,,,,,,,,,,,,,,,,,,,1,,,,,,,,,,,,,,,,,,,,,2,,,,,,,,1,,,,,,,,,,,,,,,,
Mis 3.4,Der Papst erfreut sich großer Berühmt- und Herrlichkeit.,,,,5,,5,,,,,5,,2,,,,,,,,5,3,,,,,,,,2,,,,,,,,,,,,,,,,,,,,,,,,,,,4,,,,,5,,,,,,,,2,,,,,,,,,,,,,,4,5,6,,2,,,,,,,,,,,,,,,,,5,,,,,1,,,,,,,,,,,,,,,,,,,,,,2,5,,,,,,,,,,1,,4,,,,,,,,,,1,,,,,,,,,,,,4,5,,,,,
Mis 3.4,Der Papst erfreut sich großer Berühmt- und Herrlichkeit.,,2,,,,,,,,,,,,,,,,,,,,,,,,,,,,,,,,,,,,,,,,,,,,,,,,3,,,,2,,,,,,2,,,,,,,,,,,,,,4,,,,,,,,,,,,,,,,,,,,,,,,,,,1,,,,,,,,,,,,,,,2,,,,,,,5,,,,,,,,,,,,,,,2,,,,,,,,,5,,,,,,,,,,,,,,,,,,,,,,,,,,
Mis 3.5,Die Welthungerhilfe betont die Knapp- und Notwendigkeit von Lebensmitteln.,,,,,,,,,,3,,,,,,,,,2,,,,,,,,,,,,,,,,,,,,,,,,,,6,,,,,,,,,,,,,,,,,,,,,,,,,,2,,,,,1,,,,1,,,,,,,,,,,2,,,,,,,,,1,,5,,,,,,,,,2,,,,,,,1,2,,,,,,,,,,,,,,,,,,,,,,4,,,7,,,,,,7,,,,,,,,,,,,,1,,,,,,,,,,
Mis 3.6,Die gute Zusammenarbeit basiert auf Vertraut- und Einigkeit.,,,,,,,,,,,,6,,,,,,,,,,,2,,,,,4,,,,,,,,,,,,,,,,,,,,,,,,,3,,3,,,,3,,,,,,,,,1,,,,,,,,,,,,,,,,,,,,,2,,,,,,,,,,,,,,,,,,,2,,,,1,,,,,,,,1,,,,,,,6,,,1,,,,,,,,,,,,,,,,,,,,,,,,2,,,,,,,3,1,,,,,,,,,,,
Mis 3.7,Die Begeben- und Zuständigkeiten in dem Fall sind noch nicht geklärt.,,,,,,,,,,,,,,,,,,,,,,,,,,,,,,,,1,,,,,,,,,,,,,,1,,,,,,,,,,,,,,,,,,,,,,,,,,,,,,,,,,,,,,,,,,,,,,4,,,,,,1,,,,,,,,,,,,,,,,,,,,,,,,,,,,,,,,,,,,,1,,,,1,,,,,,,,,,,,,1,3,,,,,,,,,,,6,,,,,,1,,,
Mis 3.8,Sie ist voller kindischer Verliebt- und Fröhlichkeit.,,,,,7,,,,2,,,,,,,,,4,,,,,,,1,,,,,,,,,,,,,,,,,,,,,,,4,,,1,,,,,,,2,,,,,,,,,3,,,,,,,,,,,,1,,,,2,,,,,,,,,,,4,,,2,,,,,,,,,,,,,,,,,,,,4,,,,,1,,4,,,,,,,,,,,,,2,,,,,,,,,,,,,,,,,,,,,1,,,,,,,,,,,,,,,
Mis 3'.1,Die Geisterbahn ist voller Grausam- und Dunkelheit.,,2,,,,,,,,,,,,,,,,,,,,,,,,,,,,,,,,,,,,,,,,,,,,,,,,4,,,,1,,,,,,1,,,,,,,,,,,,,,2,,,,,,,,,,,,,,,,,,,,,,,,,,,1,,,,,,,,,,,,,,,1,,,,,,,1,,,,,,,,,,,,,,,1,,,,,,,,,6,,,,,,,,,,,,,,,,,,,,,,,,,,
Mis 3'.1,Die Geisterbahn ist voller Grausam- und Dunkelheit.,,,,,2,,,,1,,,,,,,,,3,,,,,,,1,,,,,,,,,,,,,,,,,,,,,,,5,,,1,,,,,,,4,,,,,,,,,1,,,,,,,,,,,,1,,,,1,,,,,,,,,,,3,,,2,,,,,,,,,,,,,,,,,,,,1,,,,,1,,1,,,,,,,,,,,,,1,,,,,,,,,,,,,,,,,,,,,1,,,,,,,,,,,,,,,
Mis 3'.2,Dafür sind Großzügig- und Verbundenheit entscheidend.,,,,,,,,,,,,,,,,1,1,,,,,,,,,,7,,,,,,2,,,,,,,,,,,,,,,,,,,1,,,,2,,,,,5,,,1,,1,,,2,,,,,,,,,2,,,,,,,,,,,,,,,,,,4,,,,,,,1,1,,,4,,,,,,,,,,,,,,,,,,,,,,,,,,,,,,,,,,,,,,,2,,,,,7,,,,,,,,1,,,,,,1,2,,,,,,,
Mis 3'.2,Dafür sind Großzügig- und Verbundenheit entscheidend.,5,,,,,,,,,,,,,,,,,,,,,,,,,3,,,,,1,,,,5,5,,,,3,,,,1,,,1,,,,,,,,,,,,,,,,,,,,,,,,,,,,,,,,,,,,,,,,,,,,,,1,,,,,,,,,,,,,,,,,,,,,4,1,,,,,,3,,,,1,,,,,,,,,4,,,,,,,,,,,,,,,,,,,,,,3,,,,6,,,,,,,,,4,,,,
Mis 3'.3,Das Verhalten ist an Hässlich- und Gemeinheit nicht zu übertreffen.,,,,,,,,1,,,,,,,,,,,,,,,,,,,,,,,,,,,,,,,,,,,7,,,,,,,,,,,,,,,,,,,,3,,,,,,,,,,1,,,,6,,,,2,,,,,,,,,,,,,,,,,,,,,,,,,,,,,,,,,,,,,,,,,,,,,,,,,,3,,,,,,,,,,,,,,,,,,,,,,,,,,,,,,,,,,,,,,,,2,5,3
Mis 3'.3,Das Verhalten ist an Hässlich- und Gemeinheit nicht zu übertreffen.,,,,,,,,,,,,,,,,,,,,,,,,3,,,,,2,,,,,,,,,6,3,,,,,,,,,,,,,,,,,,,,,,,,,,,,,,,,,3,,,7,,,,,,,2,,,,,,,,,,,,,,,,,1,,,,,,,,,,,,,,5,,,,,,,,,,,,,,,,1,,,,,,,,,,,4,,,,,,,,,,,,,,,,,,,,,,,,,,,,,,,,,
Mis 3'.4,Der Papst erfreut sich großer Herrlich- und Berühmtheit.,,,,,,,,,,,,,,4,,,,,,1,,,,,,,,,,,,,,,,,1,,,,1,,,,,,,,,,,,,,,,,,,,,,,,,,,,,,,,,,,,,,,,,,,,,,,,,2,,,,,1,,,,,,,,,,,,,,1,,,,,,,,,,,,,,,,,2,,,,,,,,,,1,,,,,,2,,,,,,2,,,,,,,,,,,,,,,,,,,,,,,,,
Mis 3'.4,Der Papst erfreut sich großer Herrlich- und Berühmtheit.,,,3,,,,4,,,,,,,,4,,,,,,,,,,,,,,,,,,,1,,,,,,,,4,,,,,,,1,,,,,,,,,,,,,,,,1,,,,,,,,,,,,,,,,,,,,,,4,,,,,,,,,,,,,,,,,,,1,,,,,,,,,,,,,,,,,,,,,,1,,,,,,,,,,,,,,,,,,,,,1,,,,,,,,1,,,,,,,,,,,,,,,,
Mis 3'.5,Die Welthungerhilfe betont die Notwendig- und Knappheit von Lebensmitteln.,,,,6,,2,,,,,7,,1,,,,,,,,5,1,,,,,,,,1,,,,,,,,,,,,,,,,,,,,,,,,,,,3,,,,,6,,,,,,,,1,,,,,,,,,,,,,,7,5,1,,1,,,,,,,,,,,,,,,,,3,,,,,1,,,,,,,,,,,,,,,,,,,,,,1,1,,,,,,,,,,1,,3,,,,,,,,,,1,,,,,,,,,,,,3,7,,,,,
Mis 3'.6,Die Einig- und Vertrautheit in der Zusammenarbeit ist groß.,,,,,,,,,,3,,,,,,,,,2,,,,,,,,,,,,,,,,,,,,,,,,,,6,,,,,,,,,,,,,,,,,,,,,,,,,,3,,,,,1,,,,1,,,,,,,,,,,5,,,,,,,,,1,,3,,,,,,,,,1,,,,,,,1,7,,,,,,,,,,,,,,,,,,,,,,7,,,7,,,,,,7,,,,,,,,,,,,,1,,,,,,,,,,
Mis 3'.7,Die Zuständig- und Begebenheiten in dem Fall sind noch nicht geklärt.,,,,,,,,,,,,5,,,,,,,,,,,2,,,,,1,,,,,,,,,,,,,,,,,,,,,,,,,2,,3,,,,2,,,,,,,,,1,,,,,,,,,,,,,,,,,,,,,1,,,,,,,,,,,,,,,,,,,2,,,,2,,,,,,,,1,,,,,,,4,,,1,,,,,,,,,,,,,,,,,,,,,,,,2,,,,,,,1,1,,,,,,,,,,,
Mis 3'.8,Die Lehrerin ist voller kindischer Fröhlich- und Verliebtheit.,,,,,,,,,,,,,,,,,,,,,,,,,,,,,,,,1,,,,,,,,,,,,,,2,,,,,,,,,,,,,,,,,,,,,,,,,,,,,,,,,,,,,,,,,,,,,,2,,,,,,1,,,,,,,,,,,,,,,,,,,,,,,,,,,,,,,,,,,,,1,,,,1,,,,,,,,,,,,,6,1,,,,,,,,,,,5,,,,,,1,,,
Mis 6.1,Sie strahlt Selbstsicher- und Glaubwürdigkeit aus.,,,,,,,,,,,,,,5,,,,,,1,,,,,,,,,,,,,,,,,1,,,,1,,,,,,,,,,,,,,,,,,,,,,,,,,,,,,,,,,,,,,,,,,,,,,,,,1,,,,,1,,,,,,,,,,,,,,2,,,,,,,,,,,,,,,,,3,,,,,,,,,,1,,,,,,7,,,,,,2,,,,,,,,,,,,,,,,,,,,,,,,,
Mis 6.1,Sie strahlt Selbstsicher- und Glaubwürdigkeit aus.,,,,,,,,,,,,,,,,,,,,,,,,,,,,,,,,1,,,,,,,,,,,,,,1,,,,,,,,,,,,,,,,,,,,,,,,,,,,,,,,,,,,,,,,,,,,,,4,,,,,,3,,,,,,,,,,,,,,,,,,,,,,,,,,,,,,,,,,,,,4,,,,1,,,,,,,,,,,,,6,3,,,,,,,,,,,7,,,,,,1,,,
Mis 6.2,Für Kinder sind Geborgen- und Unabhängigkeit wichtig.,,,,4,,5,,,,,3,,1,,,,,,,,5,2,,,,,,,,2,,,,,,,,,,,,,,,,,,,,,,,,,,,7,,,,,4,,,,,,,,2,,,,,,,,,,,,,,6,4,5,,1,,,,,,,,,,,,,,,,,3,,,,,1,,,,,,,,,,,,,,,,,,,,,,2,4,,,,,,,,,,1,,3,,,,,,,,,,4,,,,,,,,,,,,7,4,,,,,
Mis 6.2,Für Kinder sind Geborgen- und Unabhängigkeit wichtig.,,,,,6,,,,4,,,,,,,,,4,,,,,,,1,,,,,,,,,,,,,,,,,,,,,,,7,,,2,,,,,,,5,,,,,,,,,6,,,,,,,,,,,,1,,,,1,,,,,,,,,,,2,,,2,,,,,,,,,,,,,,,,,,,,1,,,,,2,,4,,,,,,,,,,,,,1,,,,,,,,,,,,,,,,,,,,,1,,,,,,,,,,,,,,,
Mis 6.3,Allein die Bescheiden- und Liebenswürdigkeit der Autorin war schon überzeugend.,,,,,,,,,,3,,,,,,,,,5,,,,,,,,,,,,,,,,,,,,,,,,,,5,,,,,,,,,,,,,,,,,,,,,,,,,,4,,,,,1,,,,3,,,,,,,,,,,6,,,,,,,,,1,,5,,,,,,,,,2,,,,,,,1,1,,,,,,,,,,,,,,,,,,,,,,7,,,7,,,,,,7,,,,,,,,,,,,,6,,,,,,,,,,
Mis 6.3,Die Autorin wirkte sehr sympathisch durch ihre Bescheiden- und Liebenswürdigkeit.,2,,,,,,,,,,,,,,,,,,,,,,,,,5,,,,,7,,,,6,5,,,,7,,,,4,,,2,,,,,,,,,,,,,,,,,,,,,,,,,,,,,,,,,,,,,,,,,,,,,,1,,,,,,,,,,,,,,,,,,,,,4,2,,,,,,1,,,,5,,,,,,,,,4,,,,,,,,,,,,,,,,,,,,,,1,,,,6,,,,,,,,,4,,,,
Mis 6.4,Vor lauter Beschränkt- und Bitterkeit hat der Nachbar keinen Kontakt zu den anderen.,,,,,,,,,,,,,,,,,,,,,,,,6,,,,,1,,,,,,,,,3,5,,,,,,,,,,,,,,,,,,,,,,,,,,,,,,,,,5,,,7,,,,,,,4,,,,,,,,,,,,,,,,,6,,,,,,,,,,,,,,6,,,,,,,,,,,,,,,,3,,,,,,,,,,,5,,,,,,,,,,,,,,,,,,,,,,,,,,,,,,,,,
Mis 6.4,Vor lauter Beschränkt- und Bitterkeit hat der Nachbar keinen Kontakt zu den anderen.,,,,,,,,,,,,6,,,,,,,,,,,3,,,,,5,,,,,,,,,,,,,,,,,,,,,,,,,2,,1,,,,5,,,,,,,,,5,,,,,,,,,,,,,,,,,,,,,1,,,,,,,,,,,,,,,,,,,3,,,,1,,,,,,,,1,,,,,,,2,,,1,,,,,,,,,,,,,,,,,,,,,,,,1,,,,,,,3,1,,,,,,,,,,,
Mis 6.5,Sie schwören einander Kühn- und Brüderlichkeit.,,,1,,,,1,,,,,,,,7,,,,,,,,,,,,,,,,,,,6,,,,,,,,3,,,,,,,6,,,,,,,,,,,,,,,,3,,,,,,,,,,,,,,,,,,,,,,5,,,,,,,,,,,,,,,,,,,1,,,,,,,,,,,,,,,,,,,,,,1,,,,,,,,,,,,,,,,,,,,,3,,,,,,,,3,,,,,,,,,,,,,,,,
Mis 6.6,Die Oma hat viel Weis- und Zärtlichkeit für ihre Enkel.,,2,,,,,,,,,,,,,,,,,,,,,,,,,,,,,,,,,,,,,,,,,,,,,,,,3,,,,2,,,,,,1,,,,,,,,,,,,,,2,,,,,,,,,,,,,,,,,,,,,,,,,,,1,,,,,,,,,,,,,,,1,,,,,,,1,,,,,,,,,,,,,,,3,,,,,,,,,6,,,,,,,,,,,,,,,,,,,,,,,,,,
Mis 6.7,Für sie gelten Konzepte wie Keusch- und Jungfräulichkeit häufiger.,,,,,,,,,,,,,,,,5,2,,,,,,,,,,6,,,,,,5,,,,,,,,,,,,,,,,,,,3,,,,3,,,,,5,,,4,,1,,,2,,,,,,,,,2,,,,,,,,,,,,,,,,,,2,,,,,,,1,1,,,1,,,,,,,,,,,,,,,,,,,,,,,,,,,,,,,,,,,,,,,6,,,,,3,,,,,,,,1,,,,,,1,1,,,,,,,
Mis 6.8,Viele werden sich im Alter ihrer Unzufrieden- und Sterblichkeit bewusst.,,,,,,,,1,,,,,,,,,,,,,,,,,,,,,,,,,,,,,,,,,,,2,,,,,,,,,,,,,,,,,,,,5,,,,,,,,,,2,,,,7,,,,3,,,,,,,,,,,,,,,,,,,,,,,,,,,,,,,,,,,,,,,,,,,,,,,,,,2,,,,,,,,,,,,,,,,,,,,,,,,,,,,,,,,,,,,,,,,2,6,4
Mis 6'.1,Sie strahlt Glaubwürdig- und Selbstsicherheit aus.,,,,,,,,1,,,,,,,,,,,,,,,,,,,,,,,,,,,,,,,,,,,1,,,,,,,,,,,,,,,,,,,,5,,,,,,,,,,5,,,,4,,,,3,,,,,,,,,,,,,,,,,,,,,,,,,,,,,,,,,,,,,,,,,,,,,,,,,,6,,,,,,,,,,,,,,,,,,,,,,,,,,,,,,,,,,,,,,,,2,6,2
Mis 6'.1,Sie strahlt Glaubwürdig- und Selbstsicherheit aus.,,,,,,,,,,,,7,,,,,,,,,,,2,,,,,7,,,,,,,,,,,,,,,,,,,,,,,,,1,,1,,,,6,,,,,,,,,1,,,,,,,,,,,,,,,,,,,,,3,,,,,,,,,,,,,,,,,,,2,,,,2,,,,,,,,1,,,,,,,6,,,1,,,,,,,,,,,,,,,,,,,,,,,,1,,,,,,,1,1,,,,,,,,,,,
Mis 6'.2,Für Kinder sind Unabhängig- und Geborgenheit wichtig.,,,,,,,,,,,,,,1,,,,,,1,,,,,,,,,,,,,,,,,2,,,,1,,,,,,,,,,,,,,,,,,,,,,,,,,,,,,,,,,,,,,,,,,,,,,,,,1,,,,,1,,,,,,,,,,,,,,2,,,,,,,,,,,,,,,,,6,,,,,,,,,,1,,,,,,6,,,,,,1,,,,,,,,,,,,,,,,,,,,,,,,,
Mis 6'.2,Für Kinder sind Unabhängig- und Geborgenheit wichtig.,,,,,,,,,,,,,,,,,,,,,,,,,,,,,,,,1,,,,,,,,,,,,,,2,,,,,,,,,,,,,,,,,,,,,,,,,,,,,,,,,,,,,,,,,,,,,,5,,,,,,1,,,,,,,,,,,,,,,,,,,,,,,,,,,,,,,,,,,,,7,,,,1,,,,,,,,,,,,,6,4,,,,,,,,,,,5,,,,,,1,,,
Mis 6'.3,Die Autorin wirkte sehr sympathisch durch ihre Liebenswürdig- und Bescheidenheit.,,,,2,,2,,,,,7,,1,,,,,,,,3,2,,,,,,,,2,,,,,,,,,,,,,,,,,,,,,,,,,,,2,,,,,1,,,,,,,,2,,,,,,,,,,,,,,4,2,1,,1,,,,,,,,,,,,,,,,,2,,,,,1,,,,,,,,,,,,,,,,,,,,,,1,3,,,,,,,,,,1,,6,,,,,,,,,,3,,,,,,,,,,,,1,7,,,,,
Mis 6'.3,Die Autorin wirkte sehr sympathisch durch ihre Liebenswürdig- und Bescheidenheit.,,,,,7,,,,5,,,,,,,,,2,,,,,,,1,,,,,,,,,,,,,,,,,,,,,,,7,,,1,,,,,,,1,,,,,,,,,3,,,,,,,,,,,,1,,,,1,,,,,,,,,,,1,,,6,,,,,,,,,,,,,,,,,,,,1,,,,,4,,1,,,,,,,,,,,,,1,,,,,,,,,,,,,,,,,,,,,1,,,,,,,,,,,,,,,
Mis 6'.4,Vor lauter Bitter- und Beschränktheit hat der Nachbar keinen Kontakt zu den anderen.,,,,,,,,,,3,,,,,,,,,1,,,,,,,,,,,,,,,,,,,,,,,,,,7,,,,,,,,,,,,,,,,,,,,,,,,,,3,,,,,1,,,,5,,,,,,,,,,,3,,,,,,,,,1,,6,,,,,,,,,3,,,,,,,3,1,,,,,,,,,,,,,,,,,,,,,,1,,,1,,,,,,7,,,,,,,,,,,,,1,,,,,,,,,,
Mis 6'.4,Vor lauter Bitter- und Beschränktheit hat der Nachbar keinen Kontakt zu den anderen.,2,,,,,,,,,,,,,,,,,,,,,,,,,5,,,,,6,,,,6,4,,,,7,,,,4,,,1,,,,,,,,,,,,,,,,,,,,,,,,,,,,,,,,,,,,,,,,,,,,,,1,,,,,,,,,,,,,,,,,,,,,4,2,,,,,,3,,,,5,,,,,,,,,4,,,,,,,,,,,,,,,,,,,,,,1,,,,1,,,,,,,,,6,,,,
Mis 6'.5,Sie schwören einander Brüderlich- und Kühnheit.,,,,,,,,,,,,,,,,,,,,,,,,2,,,,,1,,,,,,,,,6,5,,,,,,,,,,,,,,,,,,,,,,,,,,,,,,,,,2,,,6,,,,,,,2,,,,,,,,,,,,,,,,,1,,,,,,,,,,,,,,5,,,,,,,,,,,,,,,,1,,,,,,,,,,,5,,,,,,,,,,,,,,,,,,,,,,,,,,,,,,,,,
Mis 6'.6,Die Oma hat viel Zärtlich- und Weisheit für ihre Enkel.,,,2,,,,1,,,,,,,,1,,,,,,,,,,,,,,,,,,,1,,,,,,,,4,,,,,,,1,,,,,,,,,,,,,,,,1,,,,,,,,,,,,,,,,,,,,,,3,,,,,,,,,,,,,,,,,,,1,,,,,,,,,,,,,,,,,,,,,,1,,,,,,,,,,,,,,,,,,,,,2,,,,,,,,1,,,,,,,,,,,,,,,,
Mis 6'.7,Für sie gelten Konzepte wie Jungfräulich- und Keuschheit häufiger.,,2,,,,,,,,,,,,,,,,,,,,,,,,,,,,,,,,,,,,,,,,,,,,,,,,3,,,,2,,,,,,2,,,,,,,,,,,,,,2,,,,,,,,,,,,,,,,,,,,,,,,,,,1,,,,,,,,,,,,,,,3,,,,,,,1,,,,,,,,,,,,,,,2,,,,,,,,,2,,,,,,,,,,,,,,,,,,,,,,,,,,
Mis 6'.8,Viele werden sich im Alter ihrer Sterblich- und Unzufriedenheit bewusst.,,,,,,,,,,,,,,,,2,1,,,,,,,,,,3,,,,,,3,,,,,,,,,,,,,,,,,,,2,,,,4,,,,,7,,,1,,1,,,1,,,,,,,,,3,,,,,,,,,,,,,,,,,,2,,,,,,,1,1,,,1,,,,,,,,,,,,,,,,,,,,,,,,,,,,,,,,,,,,,,,3,,,,,4,,,,,,,,1,,,,,,1,1,,,,,,,
Mix 3.1,Er hat höf- und freundlich abgesagt.,,,,,,,,,,,,,,,,2,3,,,,,,,,,,1,,,,,,2,,,,,,,,,,,,,,,,,,,3,,,,2,,,,,7,,,5,,1,,,1,,,,,,,,,2,,,,,,,,,,,,,,,,,,2,,,,,,,1,1,,,1,,,,,,,,,,,,,,,,,,,,,,,,,,,,,,,,,,,,,,,3,,,,,6,,,,,,,,1,,,,,,4,1,,,,,,,
Mix 3.1,Er hat höf- und freundlich abgesagt.,2,,,,,,,,,,,,,,,,,,,,,,,,,1,,,,,1,,,,3,3,,,,2,,,,4,,,1,,,,,,,,,,,,,,,,,,,,,,,,,,,,,,,,,,,,,,,,,,,,,,1,,,,,,,,,,,,,,,,,,,,,1,2,,,,,,2,,,,1,,,,,,,,,4,,,,,,,,,,,,,,,,,,,,,,2,,,,4,,,,,,,,,2,,,,
Mix 3.2,Die Bezahlung vieler Berufe ist kümmer- und leidlich.,,,,,,,,1,,,,,,,,,,,,,,,,,,,,,,,,,,,,,,,,,,,2,,,,,,,,,,,,,,,,,,,,2,,,,,,,,,,4,,,,6,,,,1,,,,,,,,,,,,,,,,,,,,,,,,,,,,,,,,,,,,,,,,,,,,,,,,,,6,,,,,,,,,,,,,,,,,,,,,,,,,,,,,,,,,,,,,,,,4,2,1
Mix 3.2,Die Bezahlung vieler Berufe ist kümmer- und leidlich.,,,,,,,,,,,,,,,,,,,,,,,,3,,,,,1,,,,,,,,,3,1,,,,,,,,,,,,,,,,,,,,,,,,,,,,,,,,,2,,,5,,,,,,,1,,,,,,,,,,,,,,,,,3,,,,,,,,,,,,,,5,,,,,,,,,,,,,,,,2,,,,,,,,,,,4,,,,,,,,,,,,,,,,,,,,,,,,,,,,,,,,,
Mix 3.3,Bischöfe bestimmten die gött- und weltliche Ordnung.,,,,,,,,,,,,,,6,,,,,,2,,,,,,,,,,,,,,,,,1,,,,5,,,,,,,,,,,,,,,,,,,,,,,,,,,,,,,,,,,,,,,,,,,,,,,,,3,,,,,3,,,,,,,,,,,,,,1,,,,,,,,,,,,,,,,,6,,,,,,,,,,1,,,,,,2,,,,,,2,,,,,,,,,,,,,,,,,,,,,,,,,
Mix 3.3,Bischöfe bestimmten die gött- und weltliche Ordnung.,,,4,,,,5,,,,,,,,7,,,,,,,,,,,,,,,,,,,5,,,,,,,,4,,,,,,,3,,,,,,,,,,,,,,,,3,,,,,,,,,,,,,,,,,,,,,,5,,,,,,,,,,,,,,,,,,,1,,,,,,,,,,,,,,,,,,,,,,1,,,,,,,,,,,,,,,,,,,,,3,,,,,,,,1,,,,,,,,,,,,,,,,
Mix 3.4,Oft ist mit dem männ- und menschlichen Körper ein und das Selbe gemeint.,,,,3,,1,,,,,4,,2,,,,,,,,5,3,,,,,,,,5,,,,,,,,,,,,,,,,,,,,,,,,,,,4,,,,,7,,,,,,,,2,,,,,,,,,,,,,,6,7,2,,3,,,,,,,,,,,,,,,,,3,,,,,1,,,,,,,,,,,,,,,,,,,,,,1,6,,,,,,,,,,3,,4,,,,,,,,,,1,,,,,,,,,,,,3,3,,,,,
Mix 3.4,Oft ist mit dem männ- und menschlichen Körper ein und das Selbe gemeint.,,2,,,,,,,,,,,,,,,,,,,,,,,,,,,,,,,,,,,,,,,,,,,,,,,,3,,,,1,,,,,,3,,,,,,,,,,,,,,3,,,,,,,,,,,,,,,,,,,,,,,,,,,1,,,,,,,,,,,,,,,5,,,,,,,6,,,,,,,,,,,,,,,1,,,,,,,,,3,,,,,,,,,,,,,,,,,,,,,,,,,,
Mix 3.5,Im Kindergarten wird alles brüder- und schwesterlich geteilt.,,,,,,,,,,5,,,,,,,,,5,,,,,,,,,,,,,,,,,,,,,,,,,,2,,,,,,,,,,,,,,,,,,,,,,,,,,5,,,,,5,,,,6,,,,,,,,,,,7,,,,,,,,,1,,5,,,,,,,,,7,,,,,,,7,7,,,,,,,,,,,,,,,,,,,,,,4,,,2,,,,,,7,,,,,,,,,,,,,6,,,,,,,,,,
Mix 3.6,Sie treffen sich täg- und heimlich.,,,,,,,,,,,,7,,,,,,,,,,,2,,,,,2,,,,,,,,,,,,,,,,,,,,,,,,,2,,3,,,,2,,,,,,,,,2,,,,,,,,,,,,,,,,,,,,,1,,,,,,,,,,,,,,,,,,,1,,,,1,,,,,,,,1,,,,,,,7,,,1,,,,,,,,,,,,,,,,,,,,,,,,2,,,,,,,2,1,,,,,,,,,,,
Mix 3.7,Die Durchsuchung Mitten in der Nacht war gründ- und amtlich.,,,,,,,,,,,,,,,,,,,,,,,,,,,,,,,,1,,,,,,,,,,,,,,5,,,,,,,,,,,,,,,,,,,,,,,,,,,,,,,,,,,,,,,,,,,,,,2,,,,,,1,,,,,,,,,,,,,,,,,,,,,,,,,,,,,,,,,,,,,1,,,,1,,,,,,,,,,,,,1,2,,,,,,,,,,,1,,,,,,1,,,
Mix 3.8,Für die Gesundheit ist Ruhe wichtig vor allem nächt- und abendlich.,,,,,2,,,,4,,,,,,,,,4,,,,,,,1,,,,,,,,,,,,,,,,,,,,,,,6,,,1,,,,,,,5,,,,,,,,,,,,,,,,,,,,,1,,,,1,,,,,,,,,,,2,,,2,,,,,,,,,,,,,,,,,,,,1,,,,,2,,2,,,,,,,,,,,,,1,,,,,,,,,,,,,,,,,,,,,2,,,,,,,,,,,,,,,
Mix 3'.1,Er hat freund- und höflich abgesagt.,,2,,,,,,,,,,,,,,,,,,,,,,,,,,,,,,,,,,,,,,,,,,,,,,,,2,,,,3,,,,,,2,,,,,,,,,,,,,,4,,,,,,,,,,,,,,,,,,,,,,,,,,,1,,,,,,,,,,,,,,,2,,,,,,,1,,,,,,,,,,,,,,,1,,,,,,,,,4,,,,,,,,,,,,,,,,,,,,,,,,,,
Mix 3'.1,Er hat freund- und höflich abgesagt.,,,,,3,,,,2,,,,,,,,,2,,,,,,,1,,,,,,,,,,,,,,,,,,,,,,,3,,,1,,,,,,,4,,,,,,,,,2,,,,,,,,,,,,1,,,,1,,,,,,,,,,,3,,,2,,,,,,,,,,,,,,,,,,,,1,,,,,2,,3,,,,,,,,,,,,,1,,,,,,,,,,,,,,,,,,,,,2,,,,,,,,,,,,,,,
Mix 3'.2,Die Bezahlung vieler Berufe ist leid- und kümmerlich.,,,,,,,,,,,,,,,,5,2,,,,,,,,,,3,,,,,,3,,,,,,,,,,,,,,,,,,,6,,,,3,,,,,5,,,2,,2,,,4,,,,,,,,,2,,,,,,,,,,,,,,,,,,2,,,,,,,1,3,,,1,,,,,,,,,,,,,,,,,,,,,,,,,,,,,,,,,,,,,,,1,,,,,3,,,,,,,,1,,,,,,5,1,,,,,,,
Mix 3'.2,Die Bezahlung vieler Berufe ist leid- und kümmerlich.,1,,,,,,,,,,,,,,,,,,,,,,,,,1,,,,,1,,,,3,2,,,,3,,,,5,,,1,,,,,,,,,,,,,,,,,,,,,,,,,,,,,,,,,,,,,,,,,,,,,,1,,,,,,,,,,,,,,,,,,,,,2,1,,,,,,5,,,,1,,,,,,,,,6,,,,,,,,,,,,,,,,,,,,,,2,,,,1,,,,,,,,,3,,,,
Mix 3'.3,Bischöfe bestimmten die welt- und göttliche Ordnung.,,,,,,,,2,,,,,,,,,,,,,,,,,,,,,,,,,,,,,,,,,,,6,,,,,,,,,,,,,,,,,,,,3,,,,,,,,,,4,,,,5,,,,7,,,,,,,,,,,,,,,,,,,,,,,,,,,,,,,,,,,,,,,,,,,,,,,,,,6,,,,,,,,,,,,,,,,,,,,,,,,,,,,,,,,,,,,,,,,2,5,5
Mix 3'.3,Bischöfe bestimmten die welt- und göttliche Ordnung.,,,,,,,,,,,,,,,,,,,,,,,,4,,,,,3,,,,,,,,,6,7,,,,,,,,,,,,,,,,,,,,,,,,,,,,,,,,,2,,,7,,,,,,,5,,,,,,,,,,,,,,,,,5,,,,,,,,,,,,,,4,,,,,,,,,,,,,,,,7,,,,,,,,,,,4,,,,,,,,,,,,,,,,,,,,,,,,,,,,,,,,,
Mix 3'.4,Oft ist mit dem mensch- und männlichen Körper ein und das Selbe gemeint.,,,,,,,,,,,,,,6,,,,,,4,,,,,,,,,,,,,,,,,1,,,,4,,,,,,,,,,,,,,,,,,,,,,,,,,,,,,,,,,,,,,,,,,,,,,,,,5,,,,,4,,,,,,,,,,,,,,5,,,,,,,,,,,,,,,,,1,,,,,,,,,,1,,,,,,6,,,,,,1,,,,,,,,,,,,,,,,,,,,,,,,,
Mix 3'.4,Oft ist mit dem mensch- und männlichen Körper ein und das Selbe gemeint.,,,4,,,,6,,,,,,,,4,,,,,,,,,,,,,,,,,,,6,,,,,,,,3,,,,,,,4,,,,,,,,,,,,,,,,2,,,,,,,,,,,,,,,,,,,,,,7,,,,,,,,,,,,,,,,,,,1,,,,,,,,,,,,,,,,,,,,,,1,,,,,,,,,,,,,,,,,,,,,2,,,,,,,,2,,,,,,,,,,,,,,,,
Mix 3'.5,Im Kindergarten wird alles schwester- und brüderlich geteilt.,,,,6,,6,,,,,7,,6,,,,,,,,4,4,,,,,,,,6,,,,,,,,,,,,,,,,,,,,,,,,,,,5,,,,,7,,,,,,,,1,,,,,,,,,,,,,,6,6,6,,3,,,,,,,,,,,,,,,,,5,,,,,2,,,,,,,,,,,,,,,,,,,,,,1,5,,,,,,,,,,4,,5,,,,,,,,,,6,,,,,,,,,,,,7,7,,,,,
Mix 3'.6,Sie treffen sich heim- und täglich.,,,,,,,,,,3,,,,,,,,,2,,,,,,,,,,,,,,,,,,,,,,,,,,5,,,,,,,,,,,,,,,,,,,,,,,,,,2,,,,,2,,,,3,,,,,,,,,,,3,,,,,,,,,1,,1,,,,,,,,,1,,,,,,,4,5,,,,,,,,,,,,,,,,,,,,,,4,,,3,,,,,,7,,,,,,,,,,,,,1,,,,,,,,,,
Mix 3'.7,Die Durchsuchung Mitten in der Nacht war amt- und gründlich.,,,,,,,,,,,,1,,,,,,,,,,,2,,,,,1,,,,,,,,,,,,,,,,,,,,,,,,,2,,3,,,,2,,,,,,,,,3,,,,,,,,,,,,,,,,,,,,,1,,,,,,,,,,,,,,,,,,,2,,,,2,,,,,,,,1,,,,,,,6,,,1,,,,,,,,,,,,,,,,,,,,,,,,2,,,,,,,2,1,,,,,,,,,,,
Mix 3'.8,Für die Gesundheit ist Ruhe wichtig vor allem abend- und nächtlich.,,,,,,,,,,,,,,,,,,,,,,,,,,,,,,,,1,,,,,,,,,,,,,,2,,,,,,,,,,,,,,,,,,,,,,,,,,,,,,,,,,,,,,,,,,,,,,5,,,,,,1,,,,,,,,,,,,,,,,,,,,,,,,,,,,,,,,,,,,,1,,,,1,,,,,,,,,,,,,2,3,,,,,,,,,,,2,,,,,,1,,,
Mix 6.1,Nachhaltig zu leben ist natür- und verantwortlich.,,,,,,,,,,,,,,1,,,,,,2,,,,,,,,,,,,,,,,,1,,,,1,,,,,,,,,,,,,,,,,,,,,,,,,,,,,,,,,,,,,,,,,,,,,,,,,1,,,,,2,,,,,,,,,,,,,,1,,,,,,,,,,,,,,,,,6,,,,,,,,,,1,,,,,,6,,,,,,1,,,,,,,,,,,,,,,,,,,,,,,,,
Mix 6.1,Nachhaltig zu leben ist natür- und verantwortlich.,,,,,,,,,,,,,,,,,,,,,,,,,,,,,,,,1,,,,,,,,,,,,,,2,,,,,,,,,,,,,,,,,,,,,,,,,,,,,,,,,,,,,,,,,,,,,,1,,,,,,1,,,,,,,,,,,,,,,,,,,,,,,,,,,,,,,,,,,,,4,,,,1,,,,,,,,,,,,,1,4,,,,,,,,,,,5,,,,,,1,,,
Mix 6.2,Mutproben sind gefähr- und schrecklich.,,,,3,,1,,,,,4,,1,,,,,,,,2,1,,,,,,,,2,,,,,,,,,,,,,,,,,,,,,,,,,,,2,,,,,3,,,,,,,,1,,,,,,,,,,,,,,2,2,3,,1,,,,,,,,,,,,,,,,,2,,,,,1,,,,,,,,,,,,,,,,,,,,,,2,6,,,,,,,,,,1,,5,,,,,,,,,,1,,,,,,,,,,,,2,7,,,,,
Mix 6.2,Mutproben sind gefähr- und schrecklich.,,,,,2,,,,1,,,,,,,,,2,,,,,,,1,,,,,,,,,,,,,,,,,,,,,,,7,,,1,,,,,,,1,,,,,,,,,1,,,,,,,,,,,,1,,,,1,,,,,,,,,,,2,,,2,,,,,,,,,,,,,,,,,,,,3,,,,,3,,2,,,,,,,,,,,,,1,,,,,,,,,,,,,,,,,,,,,1,,,,,,,,,,,,,,,
Mix 6.3,Sie hat aber tatsäch- und wirklich mehr verlangt.,,,,,,,,,,3,,,,,,,,,1,,,,,,,,,,,,,,,,,,,,,,,,,,7,,,,,,,,,,,,,,,,,,,,,,,,,,2,,,,,2,,,,1,,,,,,,,,,,2,,,,,,,,,1,,1,,,,,,,,,1,,,,,,,1,1,,,,,,,,,,,,,,,,,,,,,,4,,,1,,,,,,3,,,,,,,,,,,,,1,,,,,,,,,,
Mix 6.3,Sie hat aber tatsäch- und wirklich mehr verlangt.,1,,,,,,,,,,,,,,,,,,,,,,,,,2,,,,,6,,,,3,1,,,,5,,,,2,,,1,,,,,,,,,,,,,,,,,,,,,,,,,,,,,,,,,,,,,,,,,,,,,,1,,,,,,,,,,,,,,,,,,,,,1,1,,,,,,1,,,,1,,,,,,,,,4,,,,,,,,,,,,,,,,,,,,,,1,,,,1,,,,,,,,,2,,,,
Mix 6.4,Der Auftritt war lächer- und peinlich.,,,,,,,,,,,,,,,,,,,,,,,,2,,,,,1,,,,,,,,,4,5,,,,,,,,,,,,,,,,,,,,,,,,,,,,,,,,,2,,,3,,,,,,,1,,,,,,,,,,,,,,,,,3,,,,,,,,,,,,,,7,,,,,,,,,,,,,,,,2,,,,,,,,,,,4,,,,,,,,,,,,,,,,,,,,,,,,,,,,,,,,,
Mix 6.4,Der Auftritt war lächer- und peinlich.,,,,,,,,,,,,1,,,,,,,,,,,2,,,,,1,,,,,,,,,,,,,,,,,,,,,,,,,1,,3,,,,1,,,,,,,,,3,,,,,,,,,,,,,,,,,,,,,1,,,,,,,,,,,,,,,,,,,2,,,,2,,,,,,,,1,,,,,,,1,,,1,,,,,,,,,,,,,,,,,,,,,,,,2,,,,,,,1,1,,,,,,,,,,,
Mix 6.5,Ihre Worte waren ähn- und deutlich.,,,2,,,,1,,,,,,,,2,,,,,,,,,,,,,,,,,,,1,,,,,,,,2,,,,,,,1,,,,,,,,,,,,,,,,1,,,,,,,,,,,,,,,,,,,,,,2,,,,,,,,,,,,,,,,,,,1,,,,,,,,,,,,,,,,,,,,,,1,,,,,,,,,,,,,,,,,,,,,2,,,,,,,,1,,,,,,,,,,,,,,,,
Mix 6.6,Die Arbeitsleistung ist gewöhn- und ordentlich.,,1,,,,,,,,,,,,,,,,,,,,,,,,,,,,,,,,,,,,,,,,,,,,,,,,3,,,,2,,,,,,1,,,,,,,,,,,,,,2,,,,,,,,,,,,,,,,,,,,,,,,,,,1,,,,,,,,,,,,,,,1,,,,,,,1,,,,,,,,,,,,,,,2,,,,,,,,,7,,,,,,,,,,,,,,,,,,,,,,,,,,
Mix 6.7,Das klingt als wäre er sehr anhäng- und empfindlich.,,,,,,,,,,,,,,,,1,1,,,,,,,,,,2,,,,,,1,,,,,,,,,,,,,,,,,,,5,,,,3,,,,,2,,,4,,1,,,1,,,,,,,,,1,,,,,,,,,,,,,,,,,,2,,,,,,,1,2,,,1,,,,,,,,,,,,,,,,,,,,,,,,,,,,,,,,,,,,,,,5,,,,,2,,,,,,,,1,,,,,,5,6,,,,,,,
Mix 6.8,Der ganze Papierkram für ein Visum ist umständ- und erforderlich.,,,,,,,,1,,,,,,,,,,,,,,,,,,,,,,,,,,,,,,,,,,,1,,,,,,,,,,,,,,,,,,,,5,,,,,,,,,,6,,,,6,,,,2,,,,,,,,,,,,,,,,,,,,,,,,,,,,,,,,,,,,,,,,,,,,,,,,,,2,,,,,,,,,,,,,,,,,,,,,,,,,,,,,,,,,,,,,,,,2,2,1
Mix 6'.1,Nachhaltig zu leben ist verantwort- und natürlich.,,,,,,,,1,,,,,,,,,,,,,,,,,,,,,,,,,,,,,,,,,,,1,,,,,,,,,,,,,,,,,,,,6,,,,,,,,,,6,,,,6,,,,1,,,,,,,,,,,,,,,,,,,,,,,,,,,,,,,,,,,,,,,,,,,,,,,,,,6,,,,,,,,,,,,,,,,,,,,,,,,,,,,,,,,,,,,,,,,2,2,1
Mix 6'.1,Nachhaltig zu leben ist verantwort- und natürlich.,,,,,,,,,,,,7,,,,,,,,,,,2,,,,,1,,,,,,,,,,,,,,,,,,,,,,,,,4,,3,,,,2,,,,,,,,,4,,,,,,,,,,,,,,,,,,,,,5,,,,,,,,,,,,,,,,,,,1,,,,7,,,,,,,,1,,,,,,,5,,,1,,,,,,,,,,,,,,,,,,,,,,,,2,,,,,,,2,4,,,,,,,,,,,
Mix 6'.2,Mutproben sind schreck- und gefährlich.,,,,,,,,,,,,,,2,,,,,,3,,,,,,,,,,,,,,,,,1,,,,1,,,,,,,,,,,,,,,,,,,,,,,,,,,,,,,,,,,,,,,,,,,,,,,,,2,,,,,2,,,,,,,,,,,,,,3,,,,,,,,,,,,,,,,,2,,,,,,,,,,1,,,,,,6,,,,,,1,,,,,,,,,,,,,,,,,,,,,,,,,
Mix 6'.2,Mutproben sind schreck- und gefährlich.,,,,,,,,,,,,,,,,,,,,,,,,,,,,,,,,1,,,,,,,,,,,,,,1,,,,,,,,,,,,,,,,,,,,,,,,,,,,,,,,,,,,,,,,,,,,,,1,,,,,,1,,,,,,,,,,,,,,,,,,,,,,,,,,,,,,,,,,,,,1,,,,1,,,,,,,,,,,,,1,2,,,,,,,,,,,3,,,,,,1,,,
Mix 6'.3,Sie hat aber wirk- und tatsächlich mehr verlangt.,,,,2,,1,,,,,3,,1,,,,,,,,2,1,,,,,,,,1,,,,,,,,,,,,,,,,,,,,,,,,,,,2,,,,,1,,,,,,,,1,,,,,,,,,,,,,,1,2,2,,1,,,,,,,,,,,,,,,,,2,,,,,1,,,,,,,,,,,,,,,,,,,,,,1,2,,,,,,,,,,1,,4,,,,,,,,,,1,,,,,,,,,,,,1,3,,,,,
Mix 6'.3,Sie hat aber wirk- und tatsächlich mehr verlangt.,,,,,2,,,,1,,,,,,,,,2,,,,,,,1,,,,,,,,,,,,,,,,,,,,,,,3,,,1,,,,,,,4,,,,,,,,,2,,,,,,,,,,,,1,,,,1,,,,,,,,,,,2,,,2,,,,,,,,,,,,,,,,,,,,1,,,,,1,,2,,,,,,,,,,,,,1,,,,,,,,,,,,,,,,,,,,,1,,,,,,,,,,,,,,,
Mix 6'.4,Der Auftritt war pein- und lächerlich.,,,,,,,,,,3,,,,,,,,,1,,,,,,,,,,,,,,,,,,,,,,,,,,5,,,,,,,,,,,,,,,,,,,,,,,,,,2,,,,,2,,,,1,,,,,,,,,,,2,,,,,,,,,1,,5,,,,,,,,,1,,,,,,,4,5,,,,,,,,,,,,,,,,,,,,,,1,,,1,,,,,,1,,,,,,,,,,,,,1,,,,,,,,,,
Mix 6'.4,Der Auftritt war pein- und lächerlich.,1,,,,,,,,,,,,,,,,,,,,,,,,,2,,,,,6,,,,2,1,,,,2,,,,2,,,1,,,,,,,,,,,,,,,,,,,,,,,,,,,,,,,,,,,,,,,,,,,,,,1,,,,,,,,,,,,,,,,,,,,,1,1,,,,,,5,,,,1,,,,,,,,,4,,,,,,,,,,,,,,,,,,,,,,1,,,,5,,,,,,,,,2,,,,
Mix 6'.5,Ihre Worte waren deut- und ähnlich.,,,,,,,,,,,,,,,,,,,,,,,,3,,,,,1,,,,,,,,,5,2,,,,,,,,,,,,,,,,,,,,,,,,,,,,,,,,,1,,,3,,,,,,,1,,,,,,,,,,,,,,,,,2,,,,,,,,,,,,,,7,,,,,,,,,,,,,,,,1,,,,,,,,,,,3,,,,,,,,,,,,,,,,,,,,,,,,,,,,,,,,,
Mix 6'.6,Die Arbeitsleistung ist ordent- und gewöhnlich.,,,2,,,,2,,,,,,,,4,,,,,,,,,,,,,,,,,,,1,,,,,,,,3,,,,,,,2,,,,,,,,,,,,,,,,2,,,,,,,,,,,,,,,,,,,,,,2,,,,,,,,,,,,,,,,,,,1,,,,,,,,,,,,,,,,,,,,,,1,,,,,,,,,,,,,,,,,,,,,3,,,,,,,,1,,,,,,,,,,,,,,,,
Mix 6'.7,Das klingt als wäre er sehr empfind- und anhänglich.,,1,,,,,,,,,,,,,,,,,,,,,,,,,,,,,,,,,,,,,,,,,,,,,,,,3,,,,3,,,,,,3,,,,,,,,,,,,,,2,,,,,,,,,,,,,,,,,,,,,,,,,,,1,,,,,,,,,,,,,,,2,,,,,,,3,,,,,,,,,,,,,,,3,,,,,,,,,2,,,,,,,,,,,,,,,,,,,,,,,,,,
Mix 6'.8,Der ganze Papierkram für ein Visum ist erforder- und umständlich.,,,,,,,,,,,,,,,,2,1,,,,,,,,,,2,,,,,,4,,,,,,,,,,,,,,,,,,,3,,,,5,,,,,4,,,4,,1,,,1,,,,,,,,,2,,,,,,,,,,,,,,,,,,1,,,,,,,1,2,,,1,,,,,,,,,,,,,,,,,,,,,,,,,,,,,,,,,,,,,,,2,,,,,2,,,,,,,,1,,,,,,6,1,,,,,,,
U 1.1,Die Lieder sind tröst- und fröhlich.,,,,,,,,,,3,,,,,,,,,1,,,,,,,,,,,,,,,,,,,,,,,,,,7,,,,,,,,,,,,,,,,,,,,,,,,,,2,,,,,2,,,,2,,,,,,,,,,,2,,,,,,,,,1,,5,,,,,,,,,1,,,,,,,4,5,,,,,,,,,,,,,,,,,,,,,,7,,,6,,,,,,6,,,,,,,,,,,,,1,,,,,,,,,,
U 1.1,Die Lieder sind tröst- und fröhlich.,,,,,,,,,,,,,,,,2,2,,,,,,,,,,1,,,,,,2,,,,,,,,,,,,,,,,,,,5,,,,3,,,,,5,,,3,,1,,,1,,,,,,,,,1,,,,,,,,,,,,,,,,,,2,,,,,,,1,3,,,1,,,,,,,,,,,,,,,,,,,,,,,,,,,,,,,,,,,,,,,6,,,,,4,,,,,,,,1,,,,,,2,1,,,,,,,
U 1.2,wenn die jähr- und tödliche Malariasaison wieder vor der Tür steht.,,,,,,,,1,,,,,,,,,,,,,,,,,,,,,,,,,,,,,,,,,,,1,,,,,,,,,,,,,,,,,,,,5,,,,,,,,,,4,,,,5,,,,1,,,,,,,,,,,,,,,,,,,,,,,,,,,,,,,,,,,,,,,,,,,,,,,,,,7,,,,,,,,,,,,,,,,,,,,,,,,,,,,,,,,,,,,,,,,2,2,1
U 1.2,wenn die jähr- und tödliche Malariasaison wieder vor der Tür steht.,,,,,,,,,,,,7,,,,,,,,,,,3,,,,,1,,,,,,,,,,,,,,,,,,,,,,,,,3,,1,,,,1,,,,,,,,,2,,,,,,,,,,,,,,,,,,,,,3,,,,,,,,,,,,,,,,,,,2,,,,4,,,,,,,,1,,,,,,,3,,,1,,,,,,,,,,,,,,,,,,,,,,,,2,,,,,,,2,1,,,,,,,,,,,
U 1.3,Der Pfarrer hat sie kürz- und irrtümlich kontaktiert.,,,,,,,,,,,,,,1,,,,,,2,,,,,,,,,,,,,,,,,1,,,,1,,,,,,,,,,,,,,,,,,,,,,,,,,,,,,,,,,,,,,,,,,,,,,,,,1,,,,,3,,,,,,,,,,,,,,,,,,,,,,,,,,,,,,,3,,,,,,,,,,1,,,,,,2,,,,,,1,,,,,,,,,,,,,,,,,,,,,,,,,
U 1.3,Der Pfarrer hat sie kürz- und irrtümlich kontaktiert.,,,,,,,,,,,,,,,,,,,,,,,,,,,,,,,,1,,,,,,,,,,,,,,2,,,,,,,,,,,,,,,,,,,,,,,,,,,,,,,,,,,,,,,,,,,,,,2,,,,,,1,,,,,,,,,,,,,,,,,,,,,,,,,,,,,,,,,,,,,1,,,,1,,,,,,,,,,,,,3,2,,,,,,,,,,,4,,,,,,1,,,
U 1.4,Sie ist eher so der häus- und ängstliche Typ.,,,,2,,1,,,,,3,,1,,,,,,,,2,2,,,,,,,,2,,,,,,,,,,,,,,,,,,,,,,,,,,,2,,,,,6,,,,,,,,2,,,,,,,,,,,,,,2,2,3,,1,,,,,,,,,,,,,,,,,2,,,,,1,,,,,,,,,,,,,,,,,,,,,,1,3,,,,,,,,,,1,,2,,,,,,,,,,2,,,,,,,,,,,,5,2,,,,,
U 1.4,Sie ist eher so der häus- und ängstliche Typ.,,,,,2,,,,7,,,,,,,,,3,,,,,,,1,,,,,,,,,,,,,,,,,,,,,,,6,,,1,,,,,,,6,,,,,,,,,4,,,,,,,,,,,,1,,,,4,,,,,,,,,,,2,,,3,,,,,,,,,,,,,,,,,,,,1,,,,,5,,2,,,,,,,,,,,,,1,,,,,,,,,,,,,,,,,,,,,2,,,,,,,,,,,,,,,
U 1.5,Die beiden behandeln den Welpen mütter- und väterlich.,3,,,,,,,,,,,,,,,,,,,,,,,,,2,,,,,5,,,,3,4,,,,2,,,,5,,,5,,,,,,,,,,,,,,,,,,,,,,,,,,,,,,,,,,,,,,,,,,,,,,1,,,,,,,,,,,,,,,,,,,,,2,1,,,,,,7,,,,5,,,,,,,,,4,,,,,,,,,,,,,,,,,,,,,,6,,,,3,,,,,,,,,5,,,,
U 1.6,Besonders Mikroplastik ist künst- und schädlich.,,,,,,,,,,,,,,,,,,,,,,,,3,,,,,1,,,,,,,,,6,1,,,,,,,,,,,,,,,,,,,,,,,,,,,,,,,,,1,,,2,,,,,,,1,,,,,,,,,,,,,,,,,3,,,,,,,,,,,,,,6,,,,,,,,,,,,,,,,3,,,,,,,,,,,4,,,,,,,,,,,,,,,,,,,,,,,,,,,,,,,,,
U 1.7,In der Gegend ist es länd- und eigentümlich.,,,5,,,,4,,,,,,,,3,,,,,,,,,,,,,,,,,,,2,,,,,,,,3,,,,,,,2,,,,,,,,,,,,,,,,2,,,,,,,,,,,,,,,,,,,,,,3,,,,,,,,,,,,,,,,,,,1,,,,,,,,,,,,,,,,,,,,,,1,,,,,,,,,,,,,,,,,,,,,2,,,,,,,,1,,,,,,,,,,,,,,,,
U 1.8,In diesem Zustand ist die Deutsche Bahn leider weder pünkt- noch nützlich.,,2,,,,,,,,,,,,,,,,,,,,,,,,,,,,,,,,,,,,,,,,,,,,,,,,3,,,,2,,,,,,2,,,,,,,,,,,,,,2,,,,,,,,,,,,,,,,,,,,,,,,,,,1,,,,,,,,,,,,,,,4,,,,,,,5,,,,,,,,,,,,,,,1,,,,,,,,,2,,,,,,,,,,,,,,,,,,,,,,,,,,
U 1'.1,Die Lieder sind fröh- und tröstlich.,,,,6,,2,,,,,3,,1,,,,,,,,2,1,,,,,,,,2,,,,,,,,,,,,,,,,,,,,,,,,,,,3,,,,,2,,,,,,,,3,,,,,,,,,,,,,,2,5,4,,1,,,,,,,,,,,,,,,,,1,,,,,2,,,,,,,,,,,,,,,,,,,,,,6,2,,,,,,,,,,1,,5,,,,,,,,,,1,,,,,,,,,,,,2,2,,,,,
U 1'.1,Die Lieder sind fröh- und tröstlich.,,2,,,,,,,,,,,,,,,,,,,,,,,,,,,,,,,,,,,,,,,,,,,,,,,,3,,,,3,,,,,,1,,,,,,,,,,,,,,1,,,,,,,,,,,,,,,,,,,,,,,,,,,1,,,,,,,,,,,,,,,2,,,,,,,5,,,,,,,,,,,,,,,1,,,,,,,,,6,,,,,,,,,,,,,,,,,,,,,,,,,,
U 1'.2,wenn die töd- und jährliche Malariasaison wieder vor der Tür steht.,,,,,,,,,,3,,,,,,,,,1,,,,,,,,,,,,,,,,,,,,,,,,,,2,,,,,,,,,,,,,,,,,,,,,,,,,,1,,,,,2,,,,1,,,,,,,,,,,1,,,,,,,,,1,,3,,,,,,,,,1,,,,,,,1,1,,,,,,,,,,,,,,,,,,,,,,4,,,6,,,,,,7,,,,,,,,,,,,,1,,,,,,,,,,
U 1'.2,wenn die töd- und jährliche Malariasaison wieder vor der Tür steht.,,,,,,,,,,,,,,,,1,1,,,,,,,,,,1,,,,,,1,,,,,,,,,,,,,,,,,,,2,,,,4,,,,,2,,,2,,4,,,1,,,,,,,,,1,,,,,,,,,,,,,,,,,,1,,,,,,,1,1,,,1,,,,,,,,,,,,,,,,,,,,,,,,,,,,,,,,,,,,,,,2,,,,,5,,,,,,,,1,,,,,,3,1,,,,,,,
U 1'.3,Der Pfarrer hat sie irrtüm- und kürzlich kontaktiert.,,,,,,,,1,,,,,,,,,,,,,,,,,,,,,,,,,,,,,,,,,,,1,,,,,,,,,,,,,,,,,,,,3,,,,,,,,,,4,,,,2,,,,1,,,,,,,,,,,,,,,,,,,,,,,,,,,,,,,,,,,,,,,,,,,,,,,,,,4,,,,,,,,,,,,,,,,,,,,,,,,,,,,,,,,,,,,,,,,2,3,2
U 1'.3,Der Pfarrer hat sie irrtüm- und kürzlich kontaktiert.,,,,,,,,,,,,3,,,,,,,,,,,2,,,,,1,,,,,,,,,,,,,,,,,,,,,,,,,2,,4,,,,1,,,,,,,,,2,,,,,,,,,,,,,,,,,,,,,4,,,,,,,,,,,,,,,,,,,2,,,,3,,,,,,,,1,,,,,,,,,,1,,,,,,,,,,,,,,,,,,,,,,,,2,,,,,,,2,1,,,,,,,,,,,
U 1'.4,Sie ist eher so der ängst- und häusliche Typ.,,,,,,,,,,,,,,1,,,,,,5,,,,,,,,,,,,,,,,,1,,,,1,,,,,,,,,,,,,,,,,,,,,,,,,,,,,,,,,,,,,,,,,,,,,,,,,2,,,,,1,,,,,,,,,,,,,,,,,,,,,,,,,,,,,,,6,,,,,,,,,,1,,,,,,1,,,,,,1,,,,,,,,,,,,,,,,,,,,,,,,,
U 1'.4,Sie ist eher so der ängst- und häusliche Typ.,,,,,,,,,,,,,,,,,,,,,,,,,,,,,,,,1,,,,,,,,,,,,,,1,,,,,,,,,,,,,,,,,,,,,,,,,,,,,,,,,,,,,,,,,,,,,,3,,,,,,1,,,,,,,,,,,,,,,,,,,,,,,,,,,,,,,,,,,,,1,,,,1,,,,,,,,,,,,,6,3,,,,,,,,,,,4,,,,,,1,,,
U 1'.5,Die beiden behandeln den Welpen väter- und mütterlich.,,,,,4,,,,7,,,,,,,,,4,,,,,,,4,,,,,,,,,,,,,,,,,,,,,,,2,,,6,,,,,,,7,,,,,,,,,6,,,,,,,,,,,,6,,,,7,,,,,,,,,,,5,,,4,,,,,,,,,,,,,,,,,,,,3,,,,,1,,1,,,,,,,,,,,,,2,,,,,,,,,,,,,,,,,,,,,4,,,,,,,,,,,,,,,
U 1'.6,Besonders Mikroplastik ist schäd- und künstlich.,2,,,,,,,,,,,,,,,,,,,,,,,,,2,,,,,2,,,,4,2,,,,6,,,,2,,,1,,,,,,,,,,,,,,,,,,,,,,,,,,,,,,,,,,,,,,,,,,,,,,1,,,,,,,,,,,,,,,,,,,,,1,1,,,,,,2,,,,1,,,,,,,,,4,,,,,,,,,,,,,,,,,,,,,,2,,,,1,,,,,,,,,3,,,,
U 1'.7,In der Gegend hier ist es eigentüm- und ländlich.,,,,,,,,,,,,,,,,,,,,,,,,2,,,,,1,,,,,,,,,5,1,,,,,,,,,,,,,,,,,,,,,,,,,,,,,,,,,3,,,2,,,,,,,1,,,,,,,,,,,,,,,,,2,,,,,,,,,,,,,,6,,,,,,,,,,,,,,,,2,,,,,,,,,,,3,,,,,,,,,,,,,,,,,,,,,,,,,,,,,,,,,
U 1'.8,In diesem Zustand ist die Deutsche Bahn leider weder nütz- noch pünktlich.,,,4,,,,6,,,,,,,,6,,,,,,,,,,,,,,,,,,,1,,,,,,,,5,,,,,,,6,,,,,,,,,,,,,,,,3,,,,,,,,,,,,,,,,,,,,,,1,,,,,,,,,,,,,,,,,,,1,,,,,,,,,,,,,,,,,,,,,,1,,,,,,,,,,,,,,,,,,,,,2,,,,,,,,1,,,,,,,,,,,,,,,,
U 4.1,Es schmeckt köst- und vorzüglich.,,,4,,,,2,,,,,,,,2,,,,,,,,,,,,,,,,,,,1,,,,,,,,2,,,,,,,2,,,,,,,,,,,,,,,,3,,,,,,,,,,,,,,,,,,,,,,1,,,,,,,,,,,,,,,,,,,1,,,,,,,,,,,,,,,,,,,,,,1,,,,,,,,,,,,,,,,,,,,,2,,,,,,,,2,,,,,,,,,,,,,,,,
U 4.1,Es schmeckt köst- und vorzüglich.,,,,,,,,,,,,,,,,,,,,,,,,,,,,,,,,1,,,,,,,,,,,,,,3,,,,,,,,,,,,,,,,,,,,,,,,,,,,,,,,,,,,,,,,,,,,,,1,,,,,,2,,,,,,,,,,,,,,,,,,,,,,,,,,,,,,,,,,,,,1,,,,1,,,,,,,,,,,,,5,2,,,,,,,,,,,4,,,,,,1,,,
U 4.2,Sie fördert und fordert ihn nachdrück- und zärtlich.,,2,,,,,,,,,,,,,,,,,,,,,,,,,,,,,,,,,,,,,,,,,,,,,,,,2,,,,2,,,,,,2,,,,,,,,,,,,,,2,,,,,,,,,,,,,,,,,,,,,,,,,,,1,,,,,,,,,,,,,,,4,,,,,,,5,,,,,,,,,,,,,,,1,,,,,,,,,4,,,,,,,,,,,,,,,,,,,,,,,,,,
U 4.4,Der Tiger hat den Pfleger vorsätz- und plötzlich angegriffen.,,,,,,,,,,,,,,,,,,,,,,,,1,,,,,1,,,,,,,,,6,1,,,,,,,,,,,,,,,,,,,,,,,,,,,,,,,,,2,,,7,,,,,,,2,,,,,,,,,,,,,,,,,2,,,,,,,,,,,,,,7,,,,,,,,,,,,,,,,1,,,,,,,,,,,3,,,,,,,,,,,,,,,,,,,,,,,,,,,,,,,,,
U 4.2,Sie fördert und fordert ihn nachdrück- und zärtlich.,,,,,6,,,,2,,,,,,,,,1,,,,,,,1,,,,,,,,,,,,,,,,,,,,,,,4,,,1,,,,,,,1,,,,,,,,,3,,,,,,,,,,,,1,,,,1,,,,,,,,,,,2,,,2,,,,,,,,,,,,,,,,,,,,1,,,,,1,,3,,,,,,,,,,,,,1,,,,,,,,,,,,,,,,,,,,,1,,,,,,,,,,,,,,,
U 4.3,Schottergärten sind gräss- und hässlich.,,,,,,,,,,,,,,,,3,4,,,,,,,,,,1,,,,,,3,,,,,,,,,,,,,,,,,,,6,,,,1,,,,,7,,,5,,1,,,5,,,,,,,,,1,,,,,,,,,,,,,,,,,,4,,,,,,,1,4,,,1,,,,,,,,,,,,,,,,,,,,,,,,,,,,,,,,,,,,,,,1,,,,,1,,,,,,,,1,,,,,,6,1,,,,,,,
U 4.3,Schottergärten sind gräss- und hässlich.,1,,,,,,,,,,,,,,,,,,,,,,,,,6,,,,,1,,,,4,5,,,,2,,,,6,,,1,,,,,,,,,,,,,,,,,,,,,,,,,,,,,,,,,,,,,,,,,,,,,,4,,,,,,,,,,,,,,,,,,,,,2,1,,,,,,5,,,,2,,,,,,,,,5,,,,,,,,,,,,,,,,,,,,,,2,,,,1,,,,,,,,,4,,,,
U 4.4,Der Tiger hat den Pfleger vorsätz- und plötzlich angegriffen.,,,,,,,,1,,,,,,,,,,,,,,,,,,,,,,,,,,,,,,,,,,,4,,,,,,,,,,,,,,,,,,,,3,,,,,,,,,,2,,,,7,,,,4,,,,,,,,,,,,,,,,,,,,,,,,,,,,,,,,,,,,,,,,,,,,,,,,,,2,,,,,,,,,,,,,,,,,,,,,,,,,,,,,,,,,,,,,,,,2,2,1
U 4.5,Sie stellen hauptsäch- und grundsätzlich Frauen ein.,,,,,,,,,,,,,,5,,,,,,4,,,,,,,,,,,,,,,,,1,,,,1,,,,,,,,,,,,,,,,,,,,,,,,,,,,,,,,,,,,,,,,,,,,,,,,,3,,,,,2,,,,,,,,,,,,,,1,,,,,,,,,,,,,,,,,5,,,,,,,,,,1,,,,,,6,,,,,,1,,,,,,,,,,,,,,,,,,,,,,,,,
U 4.6,Die Bank will buchstäb- und zusätzlich hundert tausend Euro.,,,,1,,1,,,,,3,,1,,,,,,,,3,1,,,,,,,,1,,,,,,,,,,,,,,,,,,,,,,,,,,,3,,,,,3,,,,,,,,1,,,,,,,,,,,,,,2,1,2,,1,,,,,,,,,,,,,,,,,3,,,,,1,,,,,,,,,,,,,,,,,,,,,,1,3,,,,,,,,,,1,,1,,,,,,,,,,1,,,,,,,,,,,,1,1,,,,,
U 4.7,Eine Zeitung ist ein auf die Gegenwart bezüg- und alltägliches Medium.,,,,,,,,,,3,,,,,,,,,2,,,,,,,,,,,,,,,,,,,,,,,,,,4,,,,,,,,,,,,,,,,,,,,,,,,,,1,,,,,2,,,,1,,,,,,,,,,,2,,,,,,,,,1,,1,,,,,,,,,1,,,,,,,1,5,,,,,,,,,,,,,,,,,,,,,,7,,,6,,,,,,3,,,,,,,,,,,,,1,,,,,,,,,,
U 4.8,Seine Verteidigung war widersprüch- und jämmerlich.,,,,,,,,,,,,6,,,,,,,,,,,2,,,,,1,,,,,,,,,,,,,,,,,,,,,,,,,2,,3,,,,1,,,,,,,,,5,,,,,,,,,,,,,,,,,,,,,1,,,,,,,,,,,,,,,,,,,2,,,,2,,,,,,,,1,,,,,,,6,,,1,,,,,,,,,,,,,,,,,,,,,,,,2,,,,,,,2,3,,,,,,,,,,,
U 4'.1,Es schmeckt vorzüg- und köstlich.,,,,,,,,,,,,,,,,,,,,,,,,5,,,,,2,,,,,,,,,6,2,,,,,,,,,,,,,,,,,,,,,,,,,,,,,,,,,2,,,4,,,,,,,3,,,,,,,,,,,,,,,,,2,,,,,,,,,,,,,,6,,,,,,,,,,,,,,,,1,,,,,,,,,,,5,,,,,,,,,,,,,,,,,,,,,,,,,,,,,,,,,
U 4'.1,Es schmeckt vorzüg- und köstlich.,,,,,,,,,,,,1,,,,,,,,,,,3,,,,,1,,,,,,,,,,,,,,,,,,,,,,,,,1,,2,,,,1,,,,,,,,,3,,,,,,,,,,,,,,,,,,,,,1,,,,,,,,,,,,,,,,,,,2,,,,3,,,,,,,,1,,,,,,,6,,,1,,,,,,,,,,,,,,,,,,,,,,,,2,,,,,,,2,1,,,,,,,,,,,
U 4'.2,Sie fördert und fordert ihn zärt- und nachdrücklich.,,,4,,,,3,,,,,,,,1,,,,,,,,,,,,,,,,,,,2,,,,,,,,1,,,,,,,3,,,,,,,,,,,,,,,,3,,,,,,,,,,,,,,,,,,,,,,1,,,,,,,,,,,,,,,,,,,1,,,,,,,,,,,,,,,,,,,,,,1,,,,,,,,,,,,,,,,,,,,,1,,,,,,,,2,,,,,,,,,,,,,,,,
U 4'.2,Sie fördert und fordert ihn zärt- und nachdrücklich.,,,,,,,,,,,,,,,,,,,,,,,,,,,,,,,,1,,,,,,,,,,,,,,4,,,,,,,,,,,,,,,,,,,,,,,,,,,,,,,,,,,,,,,,,,,,,,1,,,,,,1,,,,,,,,,,,,,,,,,,,,,,,,,,,,,,,,,,,,,1,,,,1,,,,,,,,,,,,,1,2,,,,,,,,,,,5,,,,,,1,,,
U 4'.3,Schottergärten sind häss- und grässlich.,,3,,,,,,,,,,,,,,,,,,,,,,,,,,,,,,,,,,,,,,,,,,,,,,,,3,,,,4,,,,,,4,,,,,,,,,,,,,,7,,,,,,,,,,,,,,,,,,,,,,,,,,,1,,,,,,,,,,,,,,,6,,,,,,,5,,,,,,,,,,,,,,,1,,,,,,,,,7,,,,,,,,,,,,,,,,,,,,,,,,,,
U 4'.3,Schottergärten sind häss- und grässlich.,,,,,6,,,,7,,,,,,,,,3,,,,,,,1,,,,,,,,,,,,,,,,,,,,,,,7,,,1,,,,,,,7,,,,,,,,,6,,,,,,,,,,,,2,,,,2,,,,,,,,,,,7,,,2,,,,,,,,,,,,,,,,,,,,1,,,,,2,,3,,,,,,,,,,,,,1,,,,,,,,,,,,,,,,,,,,,2,,,,,,,,,,,,,,,
U 4'.4,Der Tiger hat den Pfleger plötz- und vorsätzlich angegriffen.,,,,,,,,,,,,,,,,1,3,,,,,,,,,,3,,,,,,3,,,,,,,,,,,,,,,,,,,6,,,,7,,,,,2,,,4,,2,,,1,,,,,,,,,2,,,,,,,,,,,,,,,,,,2,,,,,,,1,1,,,1,,,,,,,,,,,,,,,,,,,,,,,,,,,,,,,,,,,,,,,2,,,,,5,,,,,,,,1,,,,,,4,1,,,,,,,
U 4'.4,Der Tiger hat den Pfleger plötz- und vorsätzlich angegriffen.,1,,,,,,,,,,,,,,,,,,,,,,,,,1,,,,,2,,,,6,1,,,,6,,,,3,,,1,,,,,,,,,,,,,,,,,,,,,,,,,,,,,,,,,,,,,,,,,,,,,,1,,,,,,,,,,,,,,,,,,,,,1,1,,,,,,2,,,,3,,,,,,,,,3,,,,,,,,,,,,,,,,,,,,,,2,,,,1,,,,,,,,,2,,,,
U 4'.5,Sie stellen grundsätz- und hauptsächlich Frauen ein.,,,,,,,,1,,,,,,,,,,,,,,,,,,,,,,,,,,,,,,,,,,,3,,,,,,,,,,,,,,,,,,,,5,,,,,,,,,,3,,,,6,,,,5,,,,,,,,,,,,,,,,,,,,,,,,,,,,,,,,,,,,,,,,,,,,,,,,,,7,,,,,,,,,,,,,,,,,,,,,,,,,,,,,,,,,,,,,,,,2,1,2
U 4'.6,Die Bank will zusätz- und buchstäblich hundert tausend Euro.,,,,,,,,,,,,,,1,,,,,,3,,,,,,,,,,,,,,,,,1,,,,1,,,,,,,,,,,,,,,,,,,,,,,,,,,,,,,,,,,,,,,,,,,,,,,,,2,,,,,4,,,,,,,,,,,,,,2,,,,,,,,,,,,,,,,,1,,,,,,,,,,1,,,,,,2,,,,,,1,,,,,,,,,,,,,,,,,,,,,,,,,
U 4'.7,Eine Zeitung ist ein auf die Gegenwart alltäg- und bezügliches Medium.,,,,4,,3,,,,,3,,3,,,,,,,,2,2,,,,,,,,1,,,,,,,,,,,,,,,,,,,,,,,,,,,3,,,,,3,,,,,,,,1,,,,,,,,,,,,,,2,2,1,,1,,,,,,,,,,,,,,,,,3,,,,,1,,,,,,,,,,,,,,,,,,,,,,1,3,,,,,,,,,,1,,5,,,,,,,,,,2,,,,,,,,,,,,1,7,,,,,
U 4'.8,Seine Verteidigung war jämmer- und widersprüchlich.,,,,,,,,,,3,,,,,,,,,5,,,,,,,,,,,,,,,,,,,,,,,,,,1,,,,,,,,,,,,,,,,,,,,,,,,,,3,,,,,2,,,,2,,,,,,,,,,,1,,,,,,,,,1,,1,,,,,,,,,1,,,,,,,2,2,,,,,,,,,,,,,,,,,,,,,,1,,,1,,,,,,2,,,,,,,,,,,,,4,,,,,,,,,,
Deutsch_test_1,Es tanzt ein Bi Ba ,Butzemann,Butzemann,Butzemann,Butzemann,Butzemann,Butzemann,,Butzemann,Butzemann,Butzemann,Butzemann,Butzemann,Butzemann,Butzemann,Butzemann,Butzemann,Butzemann,Butzemann,Butzemann,Butzemann,Butzemann,Butzemann,Butzemann,Butzemann,Butzemann,Butzemann,Butzemann,Butzemann,Butzemann,Butzemann,Butzemann,Butzemann,Butzemann,Butzemann,Butzemann,Butzemann,Butzemann,Butzemann,Butzemann,Butzemann,Butzemann,Butzemann,Butzemann,Butzemann,Butzemann,Butzemann,Butzemann,Butzemann,Butzemann,Butzemann,Butzemann,Butzemann,Butzemann,Butzemann,Butzemann,Butzemann,Butzemann,Butzemann,Butzemann,Butzemann,,Butzemann,Butzemann,Butzemann,Butzemann,Butzemann,Butzemann,Butzemann,Butzemann,Butzemann,Butzemann,Butzemann,Butzemann,Butzemann,Butzemann,Butzemann,Butzemann,Butzemann,Butzemann,Butzemann,Butzemann,Butzemann,Butzemann,Butzemann,Butzemann,Butzemann,Butzemann,Butzemann,Butzemann,Butzemann,Bo,Bo,Butzemann,Butzemann,Butzemann,Butzemann,Butzemann,Butzemann,Butzemann,Butzemann,Butzemann,Bu,Butzemann,Butzemann,Butzemann,Butzemann,Butzemann,Butzemann,Butzemann,Butzemann,Butzemann,Butzemann,Butzemann,Butzemann,Butzemann,Butzemann,Butzemann,Butzemann,Butzemann,Butzemann,Butzemann,Butzemann,Butzemann,Butzemann,Butzemann,Butzemann,Butzemann,Butzemann,Butzemann,Butzemann,Butzemann,Butzemann,Butzemann,Butzemann,Butzemann,Butzemann,Butzemann,Butzemann,,Butzemann,Butzemann,Butzemann,Butzemann,Butzemann,Butzemann,,Butzemann,Butzemann,Butzemann,Butzemann,Butzemann,Butzemann,Butzemann,Butzemann,Butzemann,Butzemann,Butzemann,Butzemann,Butzemann,Butzemann,Butzemann,Butzemann,Butzemann,Butzemann,Butzemann,Butzemann,Butzemann,Butzemann,Butzemann,Butzemann,Butzemann,Butzemann,Butzemann
Month,In welchem Monat wurdest Du geboren?,September,Juni,Juli,Februar,Oktober,Februar,Juli,April,Oktober,Januar,Februar,Dezember,Februar,März,Juli,Mai,Mai,Oktober,Januar,März,Februar,Februar,Dezember,August,Oktober,September,Mai,Dezember,August,Februar,September,November,Mai,Juli,September,September,März,August,August,September,März,Juli,April,September,Januar,November,September,Oktober,Juli,Juni,Oktober,Mai,Dezember,Juni,Dezember,Mai,Februar,Oktober,Dezember,Juni,Mai,Februar,April,Mai,Juli,Mai,Oktober,Dezember,Mai,Februar,Januar,August,April,Juni,August,Januar,April,Mai,Oktober,Januar,April,August,Oktober,Februar,Februar,Februar,Juli,Februar,Dezember,März,Januar,November,September,Oktober,März,Mai,Oktober,November,August,Januar,Juni,Januar,Mai,Mai,Februar,Juli,Mai,Dezember,März,Februar,Januar,Dezember,August,September,September,Juni,Oktober,Januar,Januar,Dezember,September,Oktober,Juni,Oktober,September,März,Dezember,Juli,August,Dezember,April,Februar,Februar,September,November,März,Oktober,Juni,November,August,,März,Februar,Januar,Februar,Mai,Juni,März,Juli,Januar,Mai,November,November,Dezember,Februar,September,Juli,Oktober,Mai,September,Dezember,Dezember,Januar,November,Mai,Mai,Februar,Februar,September,November,April,April,April
Deutsch_test_2,Nudeln sind der neue Reis.,,,,4,3,5,4,3,7,5,7,1,5,1,5,5,7,5,6,5,7,4,7,3,7,1,3,7,6,4,6,7,7,4,3,2,1,5,7,3,7,4,7,5,4,4,2,6,3,4,6,7,6,3,5,2,6,6,1,6,,3,5,5,3,6,6,6,6,6,2,5,3,7,1,7,6,4,4,6,6,6,1,5,7,6,3,5,3,7,7,7,,4,6,5,7,5,4,7,5,5,4,3,5,3,1,7,3,2,6,7,2,2,5,4,1,7,7,1,3,2,3,3,3,6,,6,1,6,2,3,6,4,1,4,6,2,4,3,4,5,3,4,1,3,4,5,2,6,3,6,2,6,6,4,1,1,2,1,1,7,4,5,6,3,7,1,6,7,5,6,6
Deutsch_test_3,Reis ist die neuen Nudeln.,,,,1,3,1,,1,2,2,1,1,1,1,3,3,1,2,1,2,2,2,3,1,1,1,2,1,2,1,1,7,1,1,4,2,1,2,1,3,1,1,2,1,2,1,1,3,1,3,1,1,1,1,1,1,2,1,2,2,2,1,1,2,1,1,2,1,1,1,1,1,5,1,7,1,1,1,1,1,1,2,1,2,1,3,1,1,1,1,1,1,1,1,3,1,1,1,1,1,1,1,2,3,2,1,1,3,1,1,1,1,5,2,2,1,1,1,1,1,1,2,1,5,1,2,7,1,1,1,3,2,1,4,4,1,1,1,7,1,1,2,1,2,1,3,5,2,1,2,3,1,1,1,1,1,1,1,5,1,1,1,1,2,1,4,3,1,2,1,2,1,1
Deutsch_test_4,"Vervollständigen Sie folgendes Gedicht:
Die Kuh macht Muh
aber der Fuchs macht keinen ______ .",,,,Laut,Muchs ,Piep,,laut,Mucks,Ton,Mucks,Mucks,Luchs,Mucks,Schmuh,Pups,Mucks,Muchs,Mucks,Mucks,Lärm,Laut.,Mux,laut,Ton,MUchs,Muchs ,Mucks ,Mucks,Schuh,Laut,Mucks,muchs,Muchs,Muchs,?,Mucks,Purzelbaum machen ,Mucks,Mucks ,Muks,Schuh,Mist,Mucks,Mucks,Mux ,Muks,Mucks,Mucks,Mäh ,,Mucks,Mucks,Mucks,Muchs,Mux,Schuh,Laut,Pieps,Mucks,Laut ,Mucks,Dazu,Mucks,Schuh ,Laut,Mucks ,Schnuh,Coup,Mucks,Muchs,Mucks,Mux,Buh,Muc,Mucks,Laut,Mucks,Mucks,Mucks,Schuh,Muchs ,Mucks,Luchs,Mucks,Mucks,Muchs,Mucks,Mux,Mucks ,Furz ,Laut,Schuh,Mucks,SCHUH,Mucks,Schuh ,Jux,Jux,Luchs,Muks,Luchs,Schuh,Schuh,Muchs,Mucks,Kreuzer,Muchs ,Mucks ,Mucks ,Mucks,Muchs,Muhx ,Mux,Laut,,Muchs ,Mucks,Fuh ,Mucks,Mucks,mucks,Muks,Ton,Laut,Buchs,Mux,uchs,Laut,Schmuh,Mux,Schuh,Mux,Mucks ,GNU,Laut,Mucks,Mux,,Muchs,Fuh,Muh,Mucks.,Bu,Mucks,Mux,,Sinn,Keinen Luchs,Muchs,Mucks,Laut,Mucks,Muchs.,Jux,Muchs,Schmu?,Muchs,Muchs,,Muchs,Ton,keine Ahnung ,Mucks,Muchs,Mux ,Luchs,Schmuh,muchs,Mux ,Muchs,Mucks,Muchs
